open,high,low,close
0.159319547,0.164133416,0.158434808,0.160817762
0.160179082,0.16167,0.156330448,0.157893179
0.157492886,0.16788,0.155080344,0.166549165
0.166655854,0.173926984,0.164036389,0.173312192
0.173254845,0.175025213,0.16799572,0.171927707
0.171741897,0.184730624,0.171431526,0.1827887
0.183651357,0.197482521,0.183306779,0.186039641
0.18621423,0.190777459,0.177764993,0.180653847
0.180521382,0.18235,0.175,0.176995024
0.176959453,0.190115796,0.171203381,0.18993894
0.18979482,0.195103859,0.18403,0.19152491
0.191245083,0.193257474,0.188427675,0.191088486
0.191116489,0.191977439,0.18596,0.188318771
0.188227505,0.2171047,0.188062661,0.210333633
0.209130444,0.232837983,0.207200395,0.232495892
0.232970848,0.233821416,0.21507,0.227691182
0.228031575,0.260309224,0.2202,0.237858042
0.238049423,0.258408169,0.22915,0.246240243
0.246186336,0.250380061,0.226170391,0.246459512
0.246557717,0.255956865,0.235827936,0.251478246
0.251214253,0.254290403,0.239982216,0.249827445
0.250207049,0.253496084,0.24309,0.248118538
0.248189826,0.248633818,0.230219586,0.235510757
0.235512232,0.241728746,0.225954161,0.236671761
0.236436631,0.236844786,0.2284,0.232672867
0.232695516,0.245567162,0.230283127,0.244829158
0.24464,0.252839241,0.242841749,0.250976942
0.251051959,0.289357577,0.248769455,0.279942464
0.289958126,0.309539885,0.280001441,0.301825884
0.287175604,0.299162871,0.27923,0.293155071
0.293174141,0.29549427,0.281430688,0.293750698
0.293959041,0.3052333,0.288954432,0.304658736
0.304350496,0.318985113,0.29057,0.308169025
0.308012004,0.371894999,0.306290405,0.334822234
0.334411379,0.342712498,0.314382084,0.330307985
0.33030613,0.3425,0.31631,0.325879681
0.325752292,0.346209282,0.323707434,0.330742025
0.330861219,0.331869718,0.3181,0.320480993
0.320578039,0.321718298,0.300618671,0.307210592
0.307236104,0.322439081,0.307125374,0.322102231
0.322242627,0.32989226,0.300559627,0.317369109
0.31736325,0.337446751,0.25,0.332928456
0.333190739,0.354162683,0.3266,0.333345739
0.334074453,0.348,0.310307058,0.322240772
0.322353641,0.326683616,0.31018,0.323865725
0.323662522,0.32560244,0.280885924,0.288296564
0.28799533,0.29737,0.11089,0.278312991
0.277907691,0.287,0.260082358,0.283464861
0.283384916,0.293092198,0.267575866,0.291231994
0.290908423,0.294603699,0.258180801,0.266941859
0.266755315,0.271581691,0.255123232,0.265323908
0.265050116,0.275061278,0.263294206,0.268173066
0.268060706,0.273502801,0.260512185,0.270863459
0.270949329,0.28351,0.27040189,0.278747343
0.278049039,0.28177,0.255285991,0.261888633
0.262141265,0.262320418,0.245342575,0.247525244
0.247480391,0.25013,0.208509518,0.216578133
0.216692997,0.23,0.202804749,0.215435522
0.215762362,0.221410206,0.203031958,0.216415357
0.216415957,0.221831726,0.21135,0.212709327
0.212971554,0.221481339,0.206184318,0.210783895
0.210208347,0.22737,0.208699136,0.224403243
0.224566477,0.228529909,0.2185,0.224062691
0.224040224,0.2262,0.218329609,0.222412924
0.222513693,0.237700634,0.222321308,0.227905685
0.227619562,0.2341,0.224912996,0.233303694
0.233381727,0.242150792,0.222557081,0.224063685
0.223947764,0.224664458,0.188797818,0.19161967
0.19166648,0.19924,0.178944984,0.192354692
0.192455903,0.2,0.18669825,0.197615578
0.197415011,0.201589658,0.183367503,0.19547389
0.196139037,0.196688572,0.105979844,0.11015895
0.110259613,0.1449,0.072487258,0.129476731
0.130779249,0.13179,0.11845,0.125066051
0.125160575,0.134257926,0.118311884,0.121600302
0.121780527,0.121781271,0.091412758,0.109898101
0.11015934,0.128253999,0.107956906,0.121962919
0.121998198,0.129347875,0.112910129,0.127163074
0.126999296,0.158211635,0.12366958,0.149301932
0.150239783,0.172782011,0.125579919,0.141236161
0.141822796,0.15147612,0.130458109,0.138446676
0.138383241,0.143256279,0.12463,0.126329708
0.12601,0.14884505,0.12361534,0.143357933
0.144390054,0.147786408,0.137851876,0.14487137
0.144597912,0.14688757,0.13644,0.141762151
0.141549971,0.144973432,0.13862,0.144309538
0.145870641,0.150341196,0.13363,0.136222651
0.135830745,0.140981156,0.13123,0.139376691
0.139574563,0.140081772,0.13108,0.131614051
0.131711283,0.147500248,0.131445282,0.141501834
0.141504502,0.146794004,0.140779785,0.143987207
0.143879882,0.14855,0.137471062,0.147277997
0.147385077,0.155729331,0.144314077,0.148508715
0.147972691,0.154180378,0.146910536,0.149199275
0.149339974,0.1536,0.146500417,0.150161741
0.149986209,0.151005434,0.14516,0.148837028
0.14842311,0.167108946,0.148080557,0.166933486
0.166367596,0.176545649,0.160951102,0.163581975
0.163552666,0.172966336,0.16284,0.172573531
0.172507403,0.17342,0.166754586,0.172950021
0.172873966,0.173061721,0.152353448,0.16113951
0.161376993,0.164399294,0.15536,0.160482492
0.160382975,0.16786786,0.156709138,0.161375317
0.161390645,0.161688414,0.154414141,0.15958602
0.159609167,0.163032828,0.155811385,0.158126612
0.158134325,0.159476221,0.146857608,0.148164517
0.148033479,0.160124846,0.141988601,0.158728469
0.157671992,0.15986221,0.15477,0.156503693
0.156729132,0.165169176,0.15559,0.162964202
0.163032554,0.165800412,0.154580569,0.157180433
0.155864832,0.171299948,0.14643591,0.154660027
0.154649398,0.159045609,0.14884,0.1522357
0.15215264,0.1584836,0.15075,0.156464334
0.156477524,0.164939656,0.15312,0.162496988
0.159116046,0.169327595,0.159051262,0.168121693
0.168115636,0.174167181,0.165846518,0.169800978
0.169789543,0.179746628,0.16958964,0.176449525
0.17672684,0.177387756,0.16646,0.174232297
0.174101157,0.174848852,0.168344214,0.174274777
0.174541128,0.190139211,0.173829279,0.185968875
0.186059524,0.192266736,0.17174,0.17676433
0.176622594,0.187604134,0.17647509,0.181735424
0.181598308,0.19225,0.181380534,0.191532013
0.191502799,0.194586985,0.178932553,0.182817939
0.183000983,0.188221023,0.17257,0.182858515
0.18299474,0.188058285,0.180215074,0.187973079
0.187810641,0.189811496,0.177177064,0.177888959
0.177715832,0.189781342,0.176484911,0.185589505
0.187781439,0.20691,0.1811,0.202388777
0.2017199,0.21684,0.1967,0.197626436
0.197675496,0.197833903,0.168099579,0.184232711
0.184348136,0.186483262,0.168060933,0.177310693
0.177855154,0.1881,0.176182174,0.185814355
0.186123246,0.19695,0.184690301,0.192641691
0.192673908,0.217053658,0.188256602,0.208927631
0.20904391,0.2498,0.196125517,0.197916421
0.197747788,0.202263057,0.1949,0.197294653
0.197512197,0.20566,0.196368124,0.199574908
0.19902564,0.206539203,0.198569803,0.204365008
0.204319466,0.206647114,0.198836343,0.202290604
0.202508374,0.206072531,0.195573019,0.199313774
0.199059763,0.201822982,0.1809697,0.1877615
0.187457189,0.204492242,0.18499551,0.202129462
0.202323771,0.209565624,0.198690051,0.199777815
0.19918655,0.203233742,0.1898,0.190194346
0.19065315,0.198427682,0.188906712,0.197808
0.197801992,0.199206476,0.188508247,0.194306245
0.194190801,0.200429127,0.19291,0.196671996
0.196694397,0.204865395,0.193877665,0.203303005
0.204149008,0.205643104,0.196046085,0.20116247
0.201250087,0.220465168,0.199268262,0.218901843
0.218714833,0.241769395,0.21330362,0.219821336
0.218928145,0.242166794,0.061,0.236387703
0.235104293,0.24872276,0.21846,0.234216665
0.233976491,0.252493824,0.230975494,0.25133005
0.251097475,0.78993,0.19,0.249047053
0.248919663,0.255399876,0.191,0.24123388
0.240623403,0.248508411,0.23582,0.243188667
0.242910267,0.254247866,0.230982459,0.240319147
0.240344112,0.35,0.20001,0.2401225
0.240161615,0.251028505,0.233816338,0.246815162
0.246680613,0.25122854,0.239435567,0.250189395
0.250308458,0.251720673,0.216153388,0.221686932
0.221981204,0.2307,0.215836555,0.224071113
0.224115682,0.230123569,0.221593845,0.228333606
0.228303402,0.2298,0.220061614,0.220839243
0.221199117,0.222975654,0.202997623,0.217791422
0.217775174,0.222137669,0.2145158,0.219364157
0.219372707,0.23063421,0.217739967,0.224463783
0.2244192,0.228155593,0.221121772,0.223307312
0.223182413,0.226447242,0.216658692,0.218852863
0.218744901,0.222218986,0.211296229,0.217674785
0.217690292,0.221447826,0.21603989,0.217325487
0.217314906,0.233562948,0.217062003,0.231685074
0.231808594,0.232967335,0.226453356,0.228501049
0.228541527,0.2344,0.21401,0.220292216
0.220216488,0.222700447,0.209259784,0.220050304
0.220034299,0.22091,0.210773383,0.214675923
0.214604,0.217306508,0.194715941,0.202839565
0.202797204,0.21277992,0.200621785,0.208766185
0.208533452,0.216236432,0.203290591,0.213336258
0.214216951,0.22654,0.209542986,0.225599415
0.226041254,0.23385,0.222481876,0.230339503
0.230398575,0.240653833,0.22227318,0.229724842
0.229413806,0.232629589,0.222965151,0.225140539
0.225206993,0.24155,0.224157573,0.240545338
0.240029437,0.241844173,0.226630238,0.235848267
0.236824557,0.247429528,0.234684735,0.246400512
0.246355716,0.247436032,0.238203577,0.244435893
0.244445115,0.261375681,0.241915696,0.256283244
0.256554014,0.267702122,0.247839503,0.254633029
0.254695779,0.2547751,0.238703084,0.251050549
0.251025898,0.253264668,0.245236129,0.249759069
0.249760147,0.253923346,0.244411857,0.251764277
0.251816126,0.262969655,0.242847588,0.249146771
0.249052773,0.254103324,0.243629681,0.249194153
0.248982058,0.250398877,0.24329761,0.245237033
0.24519956,0.246605973,0.228761227,0.241332785
0.241213762,0.242623952,0.23790757,0.240952446
0.240903675,0.242189263,0.238231444,0.238761203
0.238829536,0.249802671,0.237601806,0.248510073
0.248484253,0.2562,0.246418952,0.250014982
0.249998173,0.269889399,0.249867175,0.265601959
0.265392458,0.282480462,0.263262683,0.278279788
0.278240562,0.285794861,0.27395,0.279545836
0.27952917,0.279787408,0.26562,0.267631324
0.267564251,0.2784,0.266951568,0.276206231
0.276241743,0.28253,0.26786,0.269167351
0.269022861,0.2767,0.252335074,0.271812591
0.272222163,0.28092116,0.266782579,0.271951545
0.272049516,0.292707541,0.2706622,0.285663579
0.285470778,0.307280725,0.282763731,0.30065113
0.300714373,0.303815573,0.293803997,0.299394696
0.299918378,0.317381408,0.29666,0.314253493
0.31425056,0.32265247,0.06162,0.288533346
0.288514453,0.307139608,0.18,0.301016008
0.301008448,0.311068889,0.297012438,0.307535744
0.30745985,0.309824886,0.30189,0.305171651
0.305135956,0.321103735,0.299205253,0.315891216
0.315921278,0.332579797,0.30880773,0.318545729
0.319079536,0.335901707,0.31338,0.33079351
0.331161385,0.355114818,0.32943947,0.348312794
0.34536,0.387278618,0.34262,0.3830262
0.383133416,0.412377957,0.35412,0.36763435
0.367852484,0.465378974,0.34321212,0.384779951
0.384804786,0.403672628,0.36491333,0.376911598
0.37668198,0.416437979,0.374557085,0.407245898
0.407294114,0.439831145,0.39256,0.419639686
0.419773829,0.432648426,0.401143305,0.423723173
0.423737595,0.426954699,0.406038639,0.412384146
0.412398689,0.42088889,0.381145548,0.394782959
0.395015451,0.403913715,0.358218734,0.37231415
0.378738299,0.399636158,0.367349617,0.399261312
0.398974759,0.440491416,0.35,0.371333726
0.371133794,0.405354761,0.363911776,0.403325805
0.403602414,0.407170493,0.35,0.385284989
0.385382204,0.4002,0.375907777,0.392982157
0.393411437,0.393742828,0.349725432,0.362149833
0.35741323,0.364695265,0.34884,0.356249493
0.356291535,0.360031891,0.32115196,0.339438014
0.338865782,0.353821983,0.33284353,0.349029216
0.349226832,0.37399,0.345340313,0.366333723
0.366488831,0.375922627,0.357826283,0.364517005
0.365282884,0.37148,0.355833094,0.360824303
0.360766763,0.38263,0.354768012,0.365134726
0.364951461,0.369264289,0.319185758,0.338117314
0.338016413,0.342088601,0.230027928,0.273911154
0.275036091,0.2988,0.261914716,0.287015228
0.288520403,0.2971538,0.247559153,0.263857508
0.2637301,0.2948,0.252805931,0.285171781
0.28764,0.28981,0.261701224,0.283538689
0.283419458,0.296322119,0.265693653,0.275553981
0.275378198,0.29516503,0.270535325,0.285254421
0.291754932,0.303654442,0.288083102,0.29936849
0.299420356,0.301925061,0.28051,0.291705454
0.291820159,0.300113499,0.28153,0.298805195
0.299017555,0.301,0.27234867,0.280787526
0.280690081,0.292025634,0.272259932,0.284279519
0.284592159,0.289384623,0.271025259,0.273412418
0.273294622,0.28078,0.267646462,0.271105567
0.27095428,0.28491826,0.267919315,0.281085537
0.281060045,0.282350363,0.268983362,0.273281534
0.273518733,0.279430135,0.270941042,0.272328746
0.27215037,0.27294395,0.165,0.263025953
0.262807851,0.2693,0.232203279,0.239779796
0.239596065,0.24717767,0.230869115,0.243601272
0.243742616,0.253302905,0.228583519,0.232631607
0.232610403,0.252276682,0.229580844,0.247168821
0.247276282,0.26275,0.238611101,0.255875324
0.255763193,0.26468,0.250538847,0.263270305
0.263256691,0.267890844,0.250545516,0.259766053
0.264102973,0.28315,0.260291413,0.268528823
0.268471844,0.279111935,0.262349005,0.274092561
0.273989102,0.288774675,0.262799587,0.283870569
0.283977332,0.288915763,0.263342881,0.271968062
0.271693816,0.278748205,0.252558193,0.268877072
0.268557721,0.281079879,0.265422384,0.266014149
0.266017235,0.277563007,0.263628641,0.275062168
0.274819164,0.278730703,0.267749692,0.271890059
0.271516442,0.271573623,0.250943533,0.253351398
0.253211815,0.25919,0.243426077,0.257417911
0.257513663,0.263361323,0.246031348,0.262744569
0.262892742,0.271417859,0.260163952,0.270565707
0.270838212,0.28542048,0.26770651,0.272794131
0.272687341,0.285830622,0.271061319,0.282181964
0.282165368,0.29558,0.272895527,0.288442538
0.28819706,0.29440077,0.280221439,0.284417897
0.284422487,0.28829913,0.269283781,0.273778529
0.273779516,0.27822,0.264856739,0.276790762
0.276742083,0.28287,0.262015108,0.264075116
0.264154101,0.277103763,0.260814395,0.269818296
0.269844456,0.27480788,0.269070038,0.272348902
0.272612979,0.28063,0.266265313,0.276632921
0.276606178,0.276938546,0.262679087,0.263055583
0.262613272,0.28635303,0.262430862,0.281434062
0.281582027,0.292767605,0.280807805,0.282425253
0.282177548,0.282672475,0.270757402,0.27573331
0.2757665,0.28904332,0.274067131,0.286759733
0.286717774,0.291250747,0.274630627,0.277682
0.277690779,0.28553557,0.26607284,0.273426419
0.273401356,0.2849478,0.270537204,0.276515007
0.276227055,0.279613234,0.261841031,0.267874321
0.26778623,0.273979457,0.25300151,0.258139882
0.257879607,0.26169,0.245321262,0.255485972
0.256108561,0.26227,0.250824955,0.251925792
0.251715636,0.2551,0.245396685,0.250670549
0.252,0.25937,0.243764219,0.245810054
0.245560447,0.24907257,0.236020226,0.24503905
0.244818968,0.24811,0.225874585,0.236217908
0.23622569,0.25248686,0.229055443,0.249087652
0.248999741,0.269775721,0.248190904,0.266868905
0.266990814,0.277622474,0.250521503,0.257148085
0.259371597,0.268135423,0.22478,0.266481861
0.266145777,0.268442368,0.244897411,0.251556405
0.251405932,0.258014859,0.248911222,0.254384666
0.254506152,0.264,0.249591055,0.250731925
0.250852838,0.259,0.247228908,0.248017687
0.248091962,0.2586,0.24527604,0.256182698
0.256331623,0.25923,0.246434561,0.251274206
0.251247664,0.25799,0.244025317,0.249442933
0.249535747,0.26,0.246456351,0.253322379
0.253153729,0.27,0.25287577,0.265245459
0.265387928,0.274821874,0.24871578,0.256310736
0.256385456,0.257449488,0.25002,0.252054568
0.253446228,0.266413498,0.23568,0.266331022
0.266081624,0.3264,0.265963338,0.324934887
0.324538899,0.338484715,0.17597,0.318698711
0.318558207,0.38926,0.31086,0.36022993
0.359891868,0.425059198,0.26643,0.383902316
0.384038302,0.404359366,0.336283571,0.35492695
0.354956573,0.360470129,0.273054763,0.304266217
0.303697155,0.3244,0.290114597,0.312542101
0.312440567,0.351186092,0.302477548,0.339238391
0.33887935,0.355385095,0.326971713,0.343398061
0.34258975,0.368207749,0.28628,0.352306966
0.352150691,0.36293,0.315335001,0.326559522
0.326180613,0.346047425,0.319794844,0.344545186
0.349926394,0.356293097,0.336931656,0.348962374
0.348814184,0.351596579,0.317909126,0.322249597
0.321994029,0.34738,0.319030362,0.341531227
0.341622094,0.34763,0.326,0.339117973
0.339382506,0.340104124,0.30757,0.318639935
0.31882978,0.323958983,0.295173707,0.29867442
0.298985221,0.316123002,0.285113765,0.308938507
0.308964052,0.309659749,0.28099,0.284181965
0.283939634,0.284468036,0.26667,0.273865638
0.274156343,0.297006417,0.273360629,0.290236388
0.290123362,0.304970796,0.27214,0.300673526
0.300823298,0.304527761,0.290490564,0.301772308
0.301879813,0.308754913,0.29312,0.304486987
0.304382408,0.334513547,0.29556,0.329096251
0.329490565,0.34416,0.31253,0.31984354
0.319939531,0.3587,0.313477342,0.32377849
0.32386413,0.3496,0.322769739,0.340371388
0.340589631,0.343574623,0.317271262,0.32370521
0.323748296,0.331534984,0.29726405,0.304796018
0.304754108,0.311821406,0.286,0.307327856
0.307433341,0.329477216,0.246433003,0.264334229
0.263966342,0.35455,0.258413556,0.293641146
0.293766773,0.307534938,0.2859,0.291917271
0.291956344,0.33688,0.28,0.285855697
0.285754479,0.31742,0.271648869,0.297210097
0.2991,0.35876,0.293276557,0.305350682
0.305205756,0.310754036,0.284249712,0.30173659
0.302093524,0.33966,0.288211232,0.295028176
0.295421849,0.304933437,0.27365,0.296239432
0.296315848,0.303620148,0.28856,0.291602884
0.291149198,0.298605902,0.27512629,0.28604937
0.285772188,0.318198901,0.27567,0.310054411
0.30938736,0.355170335,0.28332,0.343795689
0.343967807,0.385154361,0.31308,0.353321928
0.353213195,0.398907592,0.34081,0.381722021
0.381060044,0.406157932,0.34750059,0.383389905
0.384128165,0.386208921,0.33,0.369670787
0.369788409,0.479928195,0.36952241,0.433850348
0.434008073,0.478318666,0.381263076,0.426979826
0.42929,0.4295,0.326591309,0.368751312
0.368449683,0.38566,0.345940959,0.358963
0.359246077,0.417340806,0.346425822,0.414700656
0.415563917,0.45,0.3505,0.423895666
0.423783615,0.453799519,0.38425812,0.431294267
0.431962259,0.479149635,0.412717917,0.424577394
0.42516279,0.446079192,0.397934708,0.435498761
0.435384706,0.487187472,0.417091964,0.476852969
0.476951412,0.557965764,0.460809473,0.468571295
0.468606265,0.48599,0.429788683,0.471147713
0.469626311,0.501398446,0.411514687,0.418724374
0.419382824,0.473332433,0.391186447,0.455199526
0.456068219,0.475404237,0.44077,0.450294607
0.449458879,0.48092251,0.443369023,0.455750599
0.457196645,0.471229583,0.42746,0.431620501
0.429878316,0.438791075,0.41188926,0.43282788
0.432920428,0.444270468,0.377716422,0.39197319
0.3935043,0.416397981,0.387927843,0.404530212
0.404963181,0.429958705,0.393539118,0.411979479
0.412410082,0.451198324,0.398531346,0.428152283
0.427819663,0.448201438,0.393939043,0.407581871
0.407111273,0.428424899,0.393550252,0.415114732
0.414297597,0.434171183,0.408489908,0.429130313
0.429034787,0.45626049,0.415,0.451623621
0.452063292,0.45454402,0.420300273,0.439929298
0.441582964,0.54477749,0.439686651,0.516174316
0.51780624,0.619701519,0.446,0.563518075
0.561182623,0.611950063,0.527933972,0.559100092
0.55702,0.74481088,0.543982839,0.720012412
0.720673959,0.813738269,0.63011,0.751256822
0.749750788,0.92265867,0.65087,0.883342881
0.88930662,1.333748373,0.865218971,1.172173097
1.182442799,1.79979,1.087975214,1.236728825
1.237348656,1.41,1.187393697,1.310317794
1.3097758,1.32251068,1.136452161,1.184311909
1.187702591,1.3891175,0.90403,1.268275037
1.272130024,1.386834483,1.20957275,1.254314058
1.253393231,1.336128667,1.176660995,1.296266947
1.298762102,1.5699,1.271046906,1.490848181
1.476837214,1.5872,1.400709278,1.482181054
1.482028713,1.555,1.29126909,1.376786211
1.378757054,1.4627,1.326906452,1.404444874
1.395272554,1.55,1.013752468,1.304698843
1.301416328,1.45,0.896810142,1.090432565
1.08850024,1.312962916,1.027705966,1.192574563
1.192464569,1.261299483,1.086348438,1.097243688
1.090599024,1.597,1.020829601,1.115138415
1.114953958,1.235879617,1.112056367,1.14753785
1.14784227,1.157701899,1.024789147,1.124304449
1.120526221,1.246195916,1.10867,1.211255969
1.211160454,1.406381358,1.1249,1.183269289
1.18204386,1.262923534,1.174303852,1.213092397
1.21189483,1.314092091,1.167794225,1.266951434
1.268515009,1.451029143,1.188133735,1.325590798
1.328764288,1.349004532,1.275979625,1.279516533
1.280812721,1.346174603,1.263517328,1.310576085
1.307492812,1.342822641,1.284419082,1.301099711
1.30006216,1.423590829,1.224,1.422144289
1.423089062,1.49907,1.290727629,1.30557835
1.308395759,1.530099314,1.262307025,1.390445705
1.392113735,1.441,1.282834395,1.322857332
1.323278581,1.405583631,1.278597945,1.376257266
1.37831149,1.390760446,1.307563318,1.3103649
1.313034243,1.360019415,1.213790293,1.280100889
1.27639257,1.391131538,1.267154721,1.329047071
1.331331237,1.364401782,1.291570987,1.352745706
1.353820729,1.370626741,1.310555801,1.323118235
1.322015495,1.360802837,1.30215973,1.333687734
1.334815367,1.49031752,1.325264467,1.410535989
1.411771849,1.446694165,1.344675133,1.411006272
1.41,1.571345655,1.368462262,1.477985625
1.468206826,1.776971093,1.46361978,1.658672016
1.684932474,1.787022064,1.337385461,1.423429023
1.435625159,1.465933343,1.283646389,1.334452047
1.33633407,1.556573502,1.334196458,1.443953796
1.44634656,1.50952,1.35201157,1.397976318
1.399939652,1.448404108,1.364112876,1.389882251
1.390218678,1.53191,1.367657511,1.508271415
1.498517009,1.575461783,1.469762428,1.523657773
1.523618618,1.556674147,1.414975965,1.536564925
1.533594864,1.646118037,1.523442929,1.575229417
1.580333519,1.641511632,1.544999547,1.623504532
1.623786577,1.638306871,1.473856488,1.478689604
1.476837301,1.570592415,1.454418746,1.551207122
1.549795265,1.771248567,1.511865555,1.722535546
1.724652679,1.856824187,1.661646079,1.802631964
1.803262995,1.819474847,1.56737728,1.65836372
1.65711931,2.06099372,1.641781952,1.900453833
1.915100738,2.041769938,1.855910764,1.877262898
1.866758837,2.113973357,1.852732705,2.081794495
2.079036533,2.148036354,1.990983605,2.096967989
2.095285862,2.102443585,1.959304256,1.997500657
1.99849676,2.208655335,1.947117293,2.172136951
2.167547134,2.251209829,1.984200061,2.124160157
2.12915345,2.232714799,2.064039837,2.188247561
2.193796959,2.91084285,2.161969425,2.512428139
2.589655903,2.785818933,2.327791898,2.348795013
2.507023051,4.66828,1.623333876,2.367238155
2.392270652,2.65591459,2.047596197,2.084864895
2.088716404,2.303592698,1.832953594,2.196771048
2.200092103,2.289928368,2.034360131,2.063560178
2.068077248,2.190589247,1.800974841,1.821704153
1.899961533,1.949873962,1.480976428,1.870152524
1.872646056,1.876987026,1.637046132,1.673653467
1.672884517,1.911650093,1.510491705,1.642628413
1.64489857,2.061040535,1.614417702,1.987684886
1.994119372,2.231898786,1.94352284,2.20955172
2.21826835,2.436130372,2.02587656,2.200477978
2.202376266,2.219723683,1.985973671,2.127348393
2.12980986,2.73365,2.035140813,2.157622346
2.141839196,2.164897176,2.063835701,2.124967274
2.131279933,2.343712557,2.0119989,2.057047623
2.135641589,2.337807496,2.01359,2.094152637
2.084747796,2.237675478,1.813483462,1.845955022
1.833310809,2.162721355,1.82546365,2.045245801
2.058862983,2.386093923,1.984389971,2.234675734
2.240464516,2.407719535,2.084930368,2.190182364
2.194893434,2.330511136,2.097374729,2.164710531
2.16660229,2.300248265,2.05108824,2.26028627
2.256626146,2.5,1.860012299,2.017317255
2.01870623,2.170589128,1.948,2.111448674
2.108723965,2.166670401,1.720000091,1.810152158
1.734137717,2.017664705,1.691402964,1.961125561
1.957895925,3.79999,1.870230469,1.953254035
1.949908439,2.019457472,1.80910051,1.855935438
1.873398322,2.203793776,1.827918427,1.990891659
1.9915,2.002524137,1.729268588,1.849482575
1.850162077,2.022628504,1.818310491,1.885205695
1.88791331,1.911261647,0.77969776,1.12851056
1.139582806,1.392522715,1.009621997,1.317977655
1.324479271,1.397863854,0.909312321,1.1021316
1.099964552,1.130006851,0.941554218,1.019560475
1.012895061,1.174329218,0.674558764,0.899850229
0.898660032,1.092808573,0.866934019,1.064807087
1.050711681,1.170056841,0.964865289,1.067859915
1.0698,1.7180616,1.048616374,1.277035982
1.2704,1.277262927,1.112683172,1.164242075
1.151225301,1.20600258,0.981485477,1.034900201
1.038009736,1.112965826,0.915014786,0.970534535
0.974490027,1.093434593,0.9114,1.02627355
1.022349292,1.120936178,0.97425183,1.106638578
1.112265177,1.16766276,1.07229446,1.118131801
1.120748021,1.308614255,1.09338093,1.264599375
1.26715203,1.474970272,1.248347228,1.366379455
1.350821447,1.384649946,1.159403544,1.245603288
1.234644706,1.383380212,1.1534915,1.20420531
1.205280957,1.262344072,1.196339697,1.242920616
1.242416388,1.324488286,1.07524556,1.084785888
1.090888602,1.149935757,1.00484175,1.136473463
1.138148266,1.239308254,1.049173601,1.165806711
1.162765492,1.181191317,1.069272582,1.095422745
1.093777371,1.159142641,1.005299476,1.029995459
1.034573657,1.060345049,0.955466035,1.008979786
1.008541346,1.10760305,0.991000033,1.08069394
1.0885,1.142838748,1.04338859,1.114759758
1.1138763,1.168389565,1.063423534,1.102651664
1.102515591,1.134068343,1.027418671,1.04982022
1.04796228,1.115542214,1.042191147,1.086912096
1.084178709,1.093348214,0.979174384,1.000399306
0.996926912,1.021217594,0.950448307,0.951836413
0.953158532,0.979488853,0.867520967,0.954537263
0.95827,0.960865138,0.733381931,0.741238678
0.749228369,0.80172,0.604427371,0.70646346
0.709811966,0.826866224,0.666401531,0.783465517
0.783174057,0.844173422,0.736212183,0.817962394
0.826860098,0.852795374,0.742482172,0.760879792
0.762678609,0.790591639,0.69769626,0.776400273
0.774507317,0.800225785,0.734001212,0.793548095
0.79265,0.924336715,0.774574336,0.809877707
0.80898301,0.97419108,0.808591277,0.835547202
0.831373328,0.866532327,0.776841103,0.857432189
0.855648952,0.89632305,0.760833177,0.791255848
0.79373972,0.802030926,0.788888705,0.791172727
0.82392,0.841229793,0.789517251,0.821281051
0.820580855,0.871397809,0.789917932,0.835546574
0.83394365,0.86337643,0.77835152,0.811977308
0.810060271,0.878932987,0.797432041,0.842794514
0.83626222,0.964523625,0.805504102,0.878412415
0.870900809,0.888178638,0.770411361,0.806679458
0.807669918,0.844914666,0.752179203,0.810707392
0.806290406,0.8352722,0.746790238,0.784126148
0.790387357,0.848417694,0.750207151,0.830083955
0.841076966,0.844950854,0.745769188,0.78424334
0.784089826,0.808176825,0.704013732,0.747058327
0.742499162,0.809511085,0.673342298,0.73049294
0.726160749,0.763159897,0.652965944,0.684463757
0.660370644,0.748450089,0.628894606,0.648133234
0.645510666,0.752691438,0.623678742,0.680192216
0.686089871,0.727576687,0.638248843,0.675424177
0.671151699,0.75268387,0.594075619,0.617210772
0.614315247,0.658850084,0.551787233,0.58196072
0.578732651,0.677217415,0.54961939,0.639184197
0.634071475,0.667015657,0.601353309,0.645366653
0.646390933,0.691299254,0.610919321,0.676281435
0.686225647,0.756014368,0.649756355,0.723328418
0.715704499,0.763782078,0.67366666,0.731015151
0.724600779,0.834363853,0.717530896,0.745443301
0.744395614,0.896810774,0.70076293,0.866490297
0.860759186,0.877548297,0.797918125,0.832569813
0.827100061,0.873493958,0.788159858,0.838540523
0.83214018,0.861712416,0.76623892,0.826676053
0.822674123,0.93581188,0.804971185,0.921038946
0.915256569,0.956579127,0.839772693,0.863591955
0.858674112,0.928915322,0.830827528,0.883533953
0.875057983,0.906517958,0.81066763,0.840177144
0.846364802,0.8862025,0.802958679,0.867417293
0.873952303,0.885886551,0.801085713,0.869324629
0.88020197,0.947296139,0.818241224,0.908251831
0.903698789,0.959476067,0.864436039,0.926727977
0.939969496,0.945341504,0.821337665,0.867545055
0.863543824,0.931154081,0.814812655,0.908445973
0.919149706,0.99968394,0.864239593,0.967051811
0.96257929,1.088478041,0.933114412,1.039505853
1.03538129,1.118423463,0.940386355,1.032093607
1.019226535,1.118285368,0.976825262,1.100016383
1.093910177,1.172522754,1.065325236,1.155265301
1.153894293,1.182842257,1.072078164,1.160306311
1.173267643,1.223661336,1.075372158,1.097169787
1.106539118,1.143130324,0.992751729,1.013269898
1.011262368,1.05765785,0.957914947,0.996279285
0.996508763,1.059937485,0.93919667,1.052887355
1.059196168,1.118291971,1.019790541,1.102333
1.106507681,1.12022516,1.045263289,1.068186491
1.065559442,1.173570817,1.049121385,1.161889004
1.16811007,1.19086264,1.108208479,1.151990613
1.149034673,1.174518513,1.049021682,1.054824899
1.05319843,1.089945061,1.001144743,1.079757982
1.080799642,1.091879941,0.956591458,0.969284625
0.9721235,1.047010444,0.933780549,1.038221659
1.036860879,1.0475661,0.996856932,1.011670092
1.012653611,1.035545364,0.976675497,1.002332107
1.004728237,1.023799051,0.953967017,0.964597399
0.962910823,1.028928793,0.933754621,0.987381341
0.986931961,1.149525048,0.956469723,1.132268236
1.135478897,1.676067262,1.12061676,1.545998755
1.580227934,1.669061751,1.484196687,1.573124083
1.581059021,2.124801822,1.508153081,1.985521941
1.984237766,2.058358289,1.690938062,1.808980611
1.804437735,1.984996186,1.727511889,1.805218853
1.796822281,1.922318657,1.256268611,1.520023866
1.543131888,1.7388,1.396521003,1.515853083
1.538157449,1.92933759,1.459082883,1.570868737
1.559215405,1.789172091,1.466456995,1.531402867
1.539410466,1.581197071,1.443426795,1.502618086
1.503964571,1.564593442,1.417894925,1.509356135
1.510230913,1.6072,1.297866847,1.399022151
1.380016954,1.574072662,1.356305129,1.555844755
1.567660048,1.9189,1.48090875,1.607659437
1.611290576,1.696093109,1.457901065,1.521349821
1.530023251,1.783355469,1.459695719,1.741118761
1.746371792,1.758327061,1.567175131,1.65909637
1.653065265,1.681914209,1.475485899,1.529492328
1.530609145,1.565875,1.264703079,1.294169166
1.292301921,1.355151083,1.168515828,1.214870554
1.219078959,1.381366085,1.187597778,1.358181506
1.351550519,1.406884128,1.311272691,1.384010829
1.38992422,1.393288623,1.179472378,1.25847335
1.261639661,1.278292299,1.181110836,1.223736707
1.230096417,1.236272776,1.087473631,1.171214343
1.169254873,1.244988482,1.109297762,1.133492238
1.134676744,1.158602394,1.024474487,1.046166724
1.062936334,1.160100475,0.995444695,1.042174353
1.046576322,1.166574395,1.007431998,1.14688737
1.146755032,1.356694657,1.11091452,1.318457306
1.319159229,1.351056063,1.174801919,1.267745526
1.264019697,1.335215883,1.192686308,1.223294169
1.248539646,1.257966995,1.149307019,1.194833729
1.195433402,1.25031417,1.13839615,1.226406654
1.2314304,1.358127452,1.178298114,1.289303376
1.283699093,1.320101402,1.216785291,1.282753903
1.28114096,1.347306392,1.232558136,1.334185241
1.33500868,1.473107409,1.256005811,1.380076267
1.388692081,1.523468759,1.318084331,1.395373892
1.407789517,1.607249376,1.330620714,1.434525053
1.449568796,1.451261835,1.22352188,1.330915759
1.332786268,1.383494915,1.22708291,1.347601474
1.342414332,1.394468217,1.251041836,1.339167262
1.360238414,1.37726391,1.187044973,1.275953501
1.292802855,1.358554802,1.199366107,1.282591146
1.281795946,1.331056545,1.142508098,1.236073139
1.226438285,1.358745737,1.147626107,1.227288827
1.216915259,1.291297649,1.14,1.230556054
1.24642313,1.319793925,1.158886463,1.288269715
1.293899321,1.346854486,1.208049762,1.270169371
1.271383078,1.4333265,1.215341019,1.334923101
1.347447131,1.459355871,1.229843754,1.313061301
1.312495188,1.364694122,1.203760453,1.290453047
1.28788187,1.388815348,1.220037827,1.331216736
1.348072811,1.442049979,1.257836672,1.363329246
1.347173194,1.401380067,1.114112868,1.185214855
1.167134033,4.094141499,0.45589387,1.234833466
1.225641546,1.42214311,1.174018674,1.28472196
1.269625636,1.46316547,1.175627473,1.386808861
1.37433118,1.51847837,1.265093037,1.459255059
1.476929908,1.490362566,1.295504909,1.39530131
1.377905126,1.467041526,1.292016103,1.387407856
1.402027489,1.438327642,1.236640541,1.354428315
1.355019718,1.392431278,1.23130219,1.308267348
1.317865546,1.37355018,1.238624834,1.343361181
1.34524813,1.379434583,1.220933916,1.320074502
1.322361042,1.355275824,1.250251625,1.336653516
1.328897932,1.393199386,1.253633557,1.37089817
1.372142216,1.452308905,1.300200148,1.403270751
1.409875424,1.442963471,1.171053939,1.291046118
1.295123336,1.352869166,1.218831945,1.325479026
1.281075133,1.407873387,1.186348651,1.279283552
1.283751694,1.376300519,1.192294317,1.307560161
1.317060954,1.360687662,1.208249687,1.298598316
1.304486064,1.37240923,1.205639002,1.316805584
1.296737843,1.446172528,1.05850121,1.342642062
1.350469396,1.476623452,1.201837242,1.443370738
1.430033413,1.477784675,1.139674237,1.24390244
1.245465792,1.427089211,1.117971152,1.292926407
1.301219529,1.346638085,1.175309206,1.314129818
1.309285176,1.394296021,1.197884641,1.352553215
1.35154819,1.575318769,1.214799482,1.42886453
1.440845457,1.494958518,1.273093211,1.463562135
1.459991381,1.560275759,1.289251079,1.500761768
1.51230049,1.684250887,1.384823474,1.586344403
1.56064487,1.616794066,1.290356352,1.372463264
1.365506003,1.438752642,1.280963542,1.377193499
1.369227447,1.398539916,1.199049934,1.352478092
1.345500924,1.477050081,1.277816122,1.419671147
1.425233071,1.481030503,1.302327642,1.461360685
1.47139255,1.500738275,1.32945451,1.397072153
1.387974854,1.576996408,1.303134382,1.520836788
1.511866106,1.538961112,1.33905316,1.418353137
1.409915918,1.433589052,1.004351734,1.19091405
1.179949796,1.23722146,1.035558214,1.151730714
1.138734037,1.189834013,0.962453309,1.167466359
1.151683939,1.243403483,1.072487271,1.176485094
1.187281491,1.239153111,1.070838143,1.198912277
1.197173593,1.25694382,1.064216228,1.140179581
1.145398154,1.20676094,1.035520013,1.108141874
1.112110031,1.177760071,1.026915109,1.143214573
1.154272804,1.161606309,1.024314995,1.13872003
1.138767055,1.146111391,0.930050849,1.022449205
1.028089879,1.07043173,0.929022938,1.055887528
1.061858456,1.127294713,0.923927955,1.102142903
1.107753192,1.18730188,1.016042168,1.13454509
1.138174884,1.200550381,1.015575158,1.108470085
1.11313435,1.134846932,1.008573537,1.123122868
1.128613435,1.131157772,0.969539402,1.059793619
0.994466178,1.081913871,0.939246595,1.072479737
1.07812578,1.323588962,0.985658225,1.307981244
1.316055605,1.339118661,1.167985582,1.265527141
1.252598878,1.293897181,1.134945461,1.251218631
