rsi,Open,High,Low,Close
66.66666666666666,18.079,18.1538,17.4194,17.6351
61.01083032490974,17.6351,17.7618,16.5473,17.1647
59.847453010079,17.1647,17.4825,16.9354,17.0676
60.496423196652025,17.0675,17.3247,16.8122,17.1507
66.72299531247705,17.1542,18.098,16.89,18.0154
60.18900226260262,18.0166,18.34,17.235,17.4645
62.079484944299516,17.4645,17.9799,17.4,17.7285
64.58701427571606,17.7268,18.1151,17.45,18.09
68.67649582640827,18.095,18.77,18.043,18.75
71.0746533456389,18.7508,19.55,18.235,19.1853
74.17212933589511,19.1878,20.0434,19.1451,19.8242
70.73094973800144,19.8196,20.49,19.2639,19.5557
71.72507823807918,19.5524,20.1999,18.4,19.7474
73.88677118836598,19.7489,20.6834,19.4281,20.1732
70.25475075093497,20.1692,20.4091,19.7404,19.899
70.65746608786489,19.8926,20.0995,19.5111,19.97
74.34464580441289,19.97,20.855,19.9102,20.6615
78.40966733773182,20.6637,21.74,20.51,21.6168
70.51358561532075,21.6204,22.1832,19.1,20.9898
75.0637152581011,20.9899,22.5,20.7,22.0504
75.93158770905494,22.0622,22.4433,21.41,22.2818
79.27513789230608,22.2967,23.54,22.0566,23.2728
73.49952880711908,23.2685,23.315,22.5,22.7487
69.11935739148255,22.7488,22.9999,21.4515,22.3323
71.67318567420698,22.3323,22.9241,21.8571,22.9234
66.64323087053792,22.923,22.9233,22.0462,22.422
67.66948283201927,22.4224,22.77,22.0462,22.6369
55.78711300156146,22.6369,22.7306,20.66,21.2902
56.99198393580046,21.2993,21.982,20.571,21.4919
58.63100696333481,21.4919,21.856,20.64,21.7667
65.63141045886414,21.7751,23.3019,21.26,23.1047
65.45338172890793,23.0966,23.7884,22.7,23.0881
67.53950902010615,23.1045,23.779,22.7,23.529
67.24136572242911,23.5291,23.91,22.9584,23.4961
62.031586288212736,23.4868,23.78,22.333,22.9705
56.75950346507784,22.9802,23.25,21.8219,22.3761
61.049646403183,22.3817,23.3,22.0265,23.0888
53.133544005066774,23.0909,23.32,21.5,22.0988
53.84959822847648,22.0994,22.2464,21.2814,22.2044
51.17064734876681,22.201,22.2348,21.2841,21.8555
56.13896667263326,21.8575,22.9746,21.6655,22.5953
47.60885686174254,22.6016,22.6415,20.9805,21.3882
52.78122314973216,21.3881,22.4743,21.2651,22.1999
57.81952228244123,22.2005,23.1507,21.8064,23.1127
57.60131654211036,23.1127,23.5846,22.6158,23.0811
56.52916613266728,23.0783,23.5,22.7416,22.9398
60.38605366767924,22.9441,23.83,22.9,23.6208
56.64515937930244,23.625,23.9,22.967,23.1477
64.50505411049971,23.1481,25.41,22.84,24.7028
64.76960424862517,24.7101,25.8262,23.1215,24.7652
40.73694066555972,24.7653,25.54,19.8765,20.3592
43.840972530144974,20.4027,21.83,19.2,20.9712
38.50077110016802,20.9995,21.5539,18.011,19.4698
53.44317061638073,19.4737,23.4418,18.5283,23.142
50.90273356583399,23.1612,23.5545,20.0,22.4426
53.744235864201606,22.4428,23.42,21.2739,23.2837
57.49709030354791,23.2745,24.5201,22.4139,24.4716
57.7452885503239,24.4847,25.67,24.0568,24.5489
60.39182855069291,24.5579,25.6969,23.0677,25.399
68.23190998058044,25.4,28.5305,25.3575,28.505
73.13078814654767,28.5044,32.4401,27.61,31.1656
73.28091991211703,31.1656,33.3888,29.0,31.2523
57.424443520097014,31.2546,31.278,26.7123,27.1181
59.15295516594609,27.1148,28.4724,25.82,27.8695
56.61178935275283,27.8539,28.83,26.05,27.095
57.95080027820836,27.1106,28.75,26.5708,27.629
56.429224003062494,27.6414,27.977,26.6591,27.2035
53.309303466725304,27.2035,27.32,25.1247,26.316
43.933284319780384,26.3167,26.68,22.1,23.1232
46.837334096614086,23.1273,24.565,22.6666,24.0468
43.63603365806128,24.0468,24.3437,22.4514,22.8331
49.03100225829595,22.8448,24.6999,22.5661,24.5745
49.39077951310735,24.5749,25.0799,23.7111,24.6924
53.80916689506822,24.6925,26.4628,24.475,26.1998
53.95252350329367,26.1885,26.9,25.5012,26.251
56.09498765819178,26.2435,27.72,25.8313,26.9855
61.18379483289517,26.9969,29.0,26.86,28.8946
62.1002089012898,28.8814,29.5646,27.8813,29.2656
55.264544507742066,29.2696,29.3927,26.2111,27.4673
54.795420706752395,27.4583,28.3633,25.6652,27.3369
57.345014138538474,27.3338,28.3997,27.0701,28.1867
59.59698435251342,28.1872,29.15,27.9658,28.9668
58.114349031842735,28.9832,29.2665,28.0687,28.6158
54.252216846200135,28.633,28.99,27.25,27.6812
54.287395681417415,27.6907,27.8965,26.8401,27.6898
54.47589401505963,27.6931,27.8153,26.4999,27.7424
57.032707348822434,27.7342,28.5368,27.4548,28.4076
57.14875921641017,28.398,29.2814,28.0666,28.4414
57.51944866698257,28.41,28.72,27.876,28.5271
65.16401646130319,28.52,31.1299,28.4338,30.6503
65.41692599181268,30.6503,31.7999,30.187,30.7256
65.78475347348119,30.7256,31.33,30.3733,30.838
67.44577775789739,30.838,31.6663,30.399,31.3256
59.397274075998915,31.3256,31.9798,29.5705,30.0516
60.16318722910492,30.051,30.564,29.6521,30.2414
61.87521993138301,30.2423,31.0354,30.165,30.6593
57.15182528348936,30.6568,30.6766,29.7002,29.9107
51.05221629137102,29.9043,30.0892,28.5,28.8227
55.33781438953276,28.8131,30.4074,28.6406,29.7329
59.18613150683789,29.7355,31.3,29.6655,30.6396
59.18613150683789,30.6334,31.2,30.0652,30.6377
59.320148376557924,30.6461,30.8781,30.4243,30.6639
55.770284058110526,30.6522,30.9726,29.8805,30.128
60.146100515367074,30.1342,31.43,29.96,31.0467
62.0784283418996,31.0436,32.3788,30.9,31.4826
54.62386423170324,31.473,31.9375,29.8,30.3338
51.93725085157322,30.3295,30.4272,29.47,29.8702
44.81592220109506,29.8696,30.2596,27.5111,28.4909
44.87490657944715,28.4969,28.888,28.1132,28.5058
45.06461270140857,28.5058,28.679,28.0,28.5318
41.336791604327885,28.5485,29.3079,27.7782,27.7983
37.123573294835715,27.7984,27.7984,25.7499,26.8638
37.85702408243208,26.8722,26.97,25.9,26.96
43.07710956329376,26.9607,27.8947,26.6601,27.6875
51.28689993526026,27.686,29.4692,27.6668,29.0435
44.74576897737196,29.0391,29.899,26.85,27.7651
48.2965248763802,27.7628,28.6943,27.449,28.4101
46.68122841478492,28.4101,28.9691,27.3461,28.0941
47.39179663579623,28.0836,28.488,27.6114,28.2188
46.28467261258735,28.2183,28.5999,27.7966,28.016
44.43993279286645,28.0057,28.1599,27.3028,27.6874
47.8962069640695,27.7019,28.5198,27.5284,28.1974
46.25566033018359,28.1974,28.1974,27.3684,27.9311
44.727996379912824,27.9359,28.2332,27.07,27.6786
46.77258871680959,27.6822,28.2202,27.4461,27.9451
51.16760324814237,27.9588,28.8,27.9262,28.5552
47.952125469907,28.5552,28.838,27.5,28.0931
48.332198693901766,28.1049,28.3666,27.6183,28.1387
54.298285161369414,28.1266,29.3516,28.0598,28.9715
62.866057773072995,28.9722,30.8,28.2955,30.5161
59.0713989527778,30.5168,31.12,29.0,30.0226
63.73769464261085,30.0291,31.1,29.786,30.995
73.5967897127382,30.9994,35.14,30.7934,33.9407
58.27044693956428,33.9451,35.4338,30.439,31.2953
46.284431492239904,31.295,31.7708,26.35,28.2356
47.126505832087595,28.2354,28.7175,27.2042,28.4606
49.894892530891084,28.4606,29.6175,27.9,29.1766
53.29642049034975,29.1552,30.45,28.8544,30.1045
57.8970867451413,30.1003,31.5999,29.723,31.4935
52.70782854925744,31.4935,31.8875,29.17,30.1996
53.0241731916376,30.2003,30.9993,29.5306,30.2875
54.552011376843666,30.2724,30.793,29.8568,30.7065
47.84831615677855,30.7099,31.1371,28.7051,29.0231
50.5737437656535,29.0315,30.0588,28.6588,29.728
49.65552041441788,29.7296,30.1819,29.0124,29.5026
49.112748127910166,29.4912,29.6685,29.06,29.37
42.561065241558936,29.3705,29.4998,27.45,27.6705
44.75529893937345,27.6705,28.3853,26.9244,28.1452
43.0592352561796,28.144,28.2997,27.39,27.6926
41.734488095036305,27.695,27.77,26.7273,27.3419
45.93151162903003,27.349,28.23,27.2542,28.1603
50.60443467666847,28.1603,29.2628,28.0,29.1571
54.34390841511211,29.1599,30.1884,28.6669,30.0338
51.800398086573715,30.0338,30.379,29.3069,29.5053
56.17650349076183,29.5059,30.614,29.0265,30.5577
54.50170060509504,30.5524,31.5489,29.6891,30.2255
57.63431919946079,30.2254,31.2172,29.61,30.9882
65.48117060971487,30.9858,34.2307,30.8812,33.3167
68.20320350176054,33.3018,35.69,32.5899,34.3148
57.22107662660444,34.3072,35.6,31.4871,32.05
61.55709810778888,32.05,33.8,30.4719,33.5151
52.47765406017289,33.5112,34.505,30.0,31.1843
56.37374520153236,31.1698,32.7589,30.0,32.4895
58.3660272703693,32.4947,33.4954,31.7313,33.1996
59.597404645390455,33.1996,34.0495,32.51,33.6361
59.714055751684754,33.651,34.99,31.8601,33.674
65.77905955433062,33.6741,36.15,33.3105,35.951
71.99278296060504,35.9507,39.9999,35.3015,39.0667
68.10831456921582,39.0746,39.27,36.8131,38.1558
64.79823028111085,38.1558,38.2133,36.5157,37.3588
65.73963187964509,37.3596,38.959,36.9555,37.7762
66.78726284595595,37.7637,38.8798,36.8,38.2331
72.69132281738001,38.2331,41.7017,37.763,41.2575
72.1425450135613,41.256,43.2039,38.02,41.1333
73.38667465280272,41.13,41.8375,38.8014,41.8219
74.14364079488804,41.8271,42.267,40.4531,42.2417
76.42990145567597,42.244,44.9,41.366,43.5728
70.29021600197972,43.5728,43.722,40.2313,42.356
73.12926855684202,42.345,44.0552,41.5,43.8479
66.5139940272598,43.8479,45.162,40.0,42.4031
51.687718865314906,42.4033,42.5094,35.0374,38.1674
51.932642453306194,38.1623,40.1989,37.0,38.2541
56.806235312233525,38.2703,40.4499,37.02,40.1114
60.851091308618805,40.1114,42.0,39.5739,41.8723
57.522118350812285,41.8721,42.5622,38.6616,40.8668
62.50837184403313,40.8951,44.12,40.625,43.142
67.43722022195915,43.1413,46.7228,40.9192,45.8675
65.6332354097277,45.8645,46.8888,44.0278,45.3412
56.90996287524169,45.3592,47.2187,41.7,42.5241
57.08422305950858,42.5241,43.0992,40.2,42.6069
46.93940843110102,42.6056,42.7176,38.2,38.6343
52.15244084231976,38.6596,41.528,36.8518,40.8936
52.197199588977305,40.8938,41.88,39.4555,40.9109
54.314297535211416,40.9113,42.2,40.3144,41.8263
54.33796979315475,41.827,43.4241,40.5364,41.8347
54.33796979315475,41.8347,42.598,39.6955,41.8396
51.37419624539135,41.8397,42.0984,39.6102,40.8826
55.808613316037764,40.8957,43.085,40.317,42.5254
56.69042016422371,42.5277,44.0,41.8017,42.8618
61.37731582681053,42.8653,45.1071,42.5911,44.7849
59.71010531964927,44.8022,45.8269,43.3,44.3292
72.3034504990101,44.3291,52.3736,43.4331,51.4781
70.73822951865634,51.4762,53.0,49.1572,51.0071
72.26526944526091,51.029,52.7,49.7823,52.12
76.7797658948836,52.12,57.0547,51.25,55.9599
84.88195717442642,55.9593,68.73,55.9202,67.7005
87.01777723157772,67.6217,75.5,61.7,72.8356
76.82958449540708,72.8693,74.8199,64.1803,68.3542
82.48778964239975,68.355,79.8823,67.6152,79.8374
89.25762935411784,79.8734,116.24,78.0381,107.3469
91.90586968626695,107.3496,148.4,107.2811,128.9711
86.699763427664,128.9463,132.8,117.7289,124.085
88.49772505530856,124.1129,141.32,120.89,136.6139
85.26805166746394,136.7321,138.5067,125.0,133.3496
85.70074549410597,133.3498,139.0,128.4615,135.8623
80.08922737565182,135.8623,139.369,118.0,130.303
79.96752457846722,129.9493,133.4925,126.0,130.183
86.45737314226815,130.183,175.9997,126.7546,165.3233
89.58767631757624,165.3176,199.88,162.7969,195.6
95.11258916247313,195.5549,348.6969,194.9279,333.111
71.3575875930467,333.2212,335.0,223.0,253.0
74.91661008604227,253.01,309.4995,249.7044,295.2597
68.8654235589906,294.9167,296.0,220.5,267.5147
61.85611672195497,267.1721,269.444,186.1,231.3646
64.35696993806356,231.3646,281.0,213.0257,254.5056
60.727016872537064,254.3826,265.4014,231.5,234.9146
58.33925782272292,234.7605,239.4,209.105,221.717
58.82402064593803,221.9592,237.77,219.011,225.3853
55.927149435537224,225.4567,229.4,195.0,210.2138
61.889425967180806,210.1177,260.0,209.1204,254.9637
58.95658643255193,254.9486,264.9,227.0,239.6841
59.07822677314265,239.7204,254.8481,236.002,240.5701
56.849900892660756,240.4801,249.9885,225.5308,229.6369
55.982334275971496,229.6369,232.2,215.6439,225.4714
56.13963668219319,225.5391,232.4996,219.1514,226.3814
58.546667424050625,226.3812,243.95,224.9542,240.11
58.625030940623645,240.1039,243.0986,228.7029,240.5509
66.72979423254449,240.7852,297.2962,235.6001,293.2052
63.003800935149215,293.1305,295.5,263.8184,278.4499
64.6705347000723,278.3522,315.2855,272.12,290.0301
58.13988711989917,289.786,290.5,247.5547,263.2201
60.245908039078365,263.192,284.2857,255.4206,276.2822
57.153990237323264,276.2892,276.8847,263.0003,263.238
55.116906885733215,263.35,267.7453,249.5327,254.5144
55.897314556388395,254.3894,259.7847,240.199,258.5352
58.09331878438521,258.5611,272.1787,248.2001,269.7896
55.879932596740076,269.8578,277.8,257.01,261.4816
56.19356475262014,261.5157,269.0,255.0,262.935
56.50814366687341,263.1083,274.6805,261.4,264.3023
56.59390165932673,264.2213,268.0305,257.0001,264.6513
53.40250240736221,264.7152,277.0,252.9164,254.7976
53.594195764063514,254.9689,262.97,251.838,255.4646
51.24269159814386,255.5191,268.7062,240.3333,248.5236
46.61527130024467,248.5345,250.0912,224.9686,233.9466
53.24539759730351,234.0024,255.2113,233.8114,255.2105
57.032478819012546,255.1201,276.0,249.5001,269.2234
56.74980786672282,269.2864,281.3939,261.0,268.4263
58.64535532095602,268.6234,277.9813,264.4585,275.2991
66.84547025602674,275.2986,311.5325,271.2857,311.2962
63.48636843733926,311.2962,316.6997,284.0,302.3724
69.48937787385785,302.4591,339.0,300.7,334.7991
70.05984574799243,334.6706,356.9882,324.6162,338.2932
64.02404941765863,338.2932,349.1347,315.91,321.9497
68.79243734678488,321.9597,352.3275,316.0,348.8617
71.67148950188655,348.8705,380.0,335.8442,368.0263
76.05873979670262,368.1506,411.755,363.8333,403.3648
67.23445191977656,403.2607,414.3803,356.0,375.5538
72.55501949626532,375.5538,422.6323,371.78,418.7048
75.98905873763303,418.7047,453.9937,403.19,453.9937
77.47687757360703,453.9898,487.4062,450.0,471.2975
81.39695529594422,471.2974,529.211,458.0165,525.9275
85.03189319003927,525.9275,638.5673,515.1,596.7104
74.98464790322441,596.7878,602.7871,530.2288,551.6442
74.64114675803924,551.3956,590.5369,521.1313,550.0182
72.84647165512816,550.0182,556.9,533.7166,541.8824
65.81039117941239,541.8351,547.6074,489.7356,508.2743
66.47544906348546,508.2614,547.95,506.0,514.6861
59.9599879813098,514.8178,520.4237,428.0,481.4367
62.640319432079046,481.5112,540.0,467.8846,504.0322
70.4109984984762,504.0322,589.5,470.207,586.3635
63.07782456337838,586.5201,613.8975,535.9186,543.6327
57.30348377367449,543.6827,582.7051,480.0,505.2411
59.51679663373971,505.2282,530.0,450.0,526.5357
55.23812636940117,526.4319,528.8088,482.3052,496.992
56.15849422264788,496.992,517.74,478.01,505.0
59.550026851204805,505.0,550.0,501.5,535.33
62.953814297266405,535.33,579.5,525.0,568.78
61.94687472928483,568.78,578.88,538.0,562.78
65.59369620246135,562.78,615.29,554.0,599.7
67.66795539169433,599.66,628.0,585.72,622.65
67.16444055498405,622.64,645.57,609.21,620.0
67.34023336437403,620.0,629.0,595.3,621.78
72.23065531296727,621.77,680.0,621.22,676.15
60.2790460224451,676.15,677.71,604.14,609.3
64.26108700136942,609.41,656.67,605.0,651.1
61.541442508791576,651.1,653.77,620.0,633.99
59.99290262412839,634.03,644.02,611.43,624.3
62.29174183204581,624.3,657.91,618.36,646.1
63.894647908817305,646.07,679.0,630.54,661.74
58.63601620554588,661.74,691.77,588.0,631.1
63.00350116257253,631.16,673.0,621.11,671.91
51.84324785269605,671.9,684.91,581.4,594.65
48.99435383540107,594.2,633.5,526.6,571.1
52.73675071668852,571.1,615.0,566.0,602.61
48.01670415387773,602.61,611.31,560.0,563.41
48.132759744033365,563.42,606.78,534.88,564.32
42.29411819325121,564.66,564.66,483.0,512.07
41.855650541641126,512.06,534.0,490.0,507.88
28.645005144930465,507.9,516.5,280.0,334.8
35.75685477686038,334.8,423.83,284.27,391.17
31.810093518004265,391.37,415.71,274.0,326.01
30.35642595578102,326.23,335.82,284.55,299.76
28.286101404908663,299.75,313.45,211.7,260.72
38.16497041445825,260.72,350.0,257.4,345.64
38.00165910657292,345.64,378.12,306.61,343.18
41.916506115439205,343.18,388.28,336.21,379.16
41.177940498994786,379.16,387.56,340.0,369.67
38.06851286925797,369.83,373.68,312.3,328.82
36.34783772648206,328.86,347.0,295.22,305.04
38.91486392694618,305.18,338.32,291.06,325.57
42.30318219062845,325.55,356.0,307.55,353.33
43.4065199239059,353.37,364.4,339.48,362.39
48.03125726541751,362.36,419.43,350.43,401.54
50.998677034206565,401.52,433.0,391.32,428.48
46.94992890834024,428.46,429.5,365.0,390.7
46.88414763227297,390.68,426.0,373.8,390.08
47.35181451947726,390.05,400.29,381.5,393.73
43.32584683059097,393.82,407.42,353.53,357.96
42.728658512981006,357.94,366.33,319.18,352.5
46.104567429722806,352.5,378.77,333.56,375.54
43.28973525691871,375.56,377.55,344.13,351.94
42.555845032650765,351.96,366.28,340.84,345.75
42.30008346066335,345.76,348.88,325.3,343.7
46.06349709857419,343.68,369.0,330.48,365.8
46.8057103654124,365.81,377.33,355.07,370.19
46.22677036950928,370.2,379.58,363.23,366.48
43.236874510415326,366.48,366.77,343.35,347.22
44.36956629449592,347.22,362.47,345.85,352.85
41.86247808131922,352.84,357.12,327.22,337.16
41.357225982731705,337.21,345.0,331.11,334.01
42.55890368318446,334.03,340.57,310.13,339.08
32.803967183256276,339.09,342.0,268.57,270.76
31.808711181547523,270.76,291.5,225.42,262.1
39.59195628892764,262.1,309.75,251.41,296.25
42.16692393201101,296.17,316.49,281.5,308.62
38.22226551286464,308.6,314.84,275.24,280.81
38.06231913418658,280.89,290.33,264.26,279.65
40.64935803196474,279.58,291.7,269.72,290.87
40.508071532238176,290.89,299.96,283.55,290.0
43.14734621453912,290.0,315.6,289.19,300.79
43.87302474263608,300.79,304.88,281.53,303.71
40.74998696248203,303.75,304.0,281.0,287.43
40.70015828162992,287.49,290.74,276.4,287.17
43.81879545842999,287.17,303.21,282.77,298.13
46.44513336145944,298.18,314.91,292.58,307.62
45.105171637938724,307.63,307.68,291.0,302.02
50.0643795499672,302.04,322.5,301.8,319.92
52.04275423464273,319.91,340.0,318.23,327.51
47.41319113176129,327.51,328.21,304.4,310.14
49.35448118607591,310.08,319.69,301.43,317.09
49.08214287449036,317.09,321.44,310.57,316.12
50.89900644684427,316.12,326.82,312.21,322.16
49.015486598144285,322.17,334.37,308.57,316.12
46.79849049286155,316.11,318.33,305.2,308.94
46.963999049864505,308.98,313.46,290.24,309.4
49.43512459759038,309.33,324.33,301.32,316.11
44.9846120687072,316.12,323.5,301.5,302.88
44.21984625623354,302.94,306.71,295.0,300.52
44.895280460024225,300.56,309.18,298.7,302.1
38.1133037843744,302.04,303.94,278.85,280.54
33.98472000481085,280.54,283.6,254.52,264.44
45.38877293133651,264.43,298.92,261.02,293.26
45.42400248522663,293.27,298.44,287.3,293.36
47.57640824752877,293.39,301.5,281.01,299.27
48.42518375299685,299.29,307.79,295.43,301.56
48.81490918240243,301.53,304.44,292.34,302.56
49.4077690614254,302.56,328.0,301.0,304.0
53.24703560401451,304.0,318.41,297.61,313.48
53.375654124563525,313.47,318.68,308.0,313.8
54.72943235016224,313.84,320.31,308.6,317.03
57.03775687282393,317.1,325.66,306.16,322.58
60.835226590802414,322.58,338.44,317.21,332.38
60.91495184720412,332.38,347.8,328.99,332.59
59.64476333055748,332.63,338.29,326.17,330.55
55.30984214880974,330.53,334.73,317.02,323.43
60.26340096739755,323.44,337.39,319.78,334.77
61.53477968344376,334.78,340.17,323.37,337.91
63.33714797305406,337.92,347.14,331.12,342.39
68.26624840412693,342.39,359.74,340.34,356.18
59.305978209938964,356.18,359.87,337.0,341.79
63.765719551405006,341.79,357.7,333.15,354.32
68.9183541523096,354.32,376.6,348.0,371.92
73.33585224797508,371.95,408.72,371.09,390.96
70.33902097918563,390.92,406.18,371.59,385.66
75.45463703704326,385.69,411.46,382.91,410.76
74.30545089005315,410.74,418.8,400.0,408.67
75.34634473297608,408.66,415.16,395.88,414.05
75.6757449387521,414.05,437.0,410.79,415.72
67.57148340338969,415.72,435.77,398.77,401.8
64.54982272603627,401.86,412.36,385.47,396.15
72.71690047200096,396.23,431.7,390.89,431.27
76.62406875020609,431.21,458.0,421.84,454.93
73.65229800707417,454.92,460.0,443.47,448.74
73.62249185651774,448.74,458.34,437.77,448.68
80.68913205145216,448.69,509.71,445.89,499.06
69.73145344371284,499.06,504.2,461.12,471.62
74.09089692347571,471.62,507.0,470.0,503.19
65.96012603360603,503.17,518.94,471.2,478.1
68.40111856598932,478.2,495.0,467.1,494.5
65.82829479058572,494.6,497.0,482.3,486.2
63.80426683401229,486.1,495.5,475.0,479.7
58.06578200910674,479.7,480.9,457.0,460.3
58.8061796725498,460.2,477.8,448.2,463.9
63.69580582548126,463.9,490.0,455.1,489.4
61.92635514263221,489.5,504.7,478.0,483.7
62.86197093407693,483.6,495.0,473.0,488.5
64.65478397417891,488.4,509.9,485.2,497.7
66.01816782671763,497.8,505.2,488.4,504.8
62.82049205231585,504.9,509.0,486.9,496.1
42.9083129397827,496.1,504.8,369.0,418.7
42.21938342701293,418.7,425.5,382.3,415.0
43.871868125879985,415.2,436.1,403.4,421.3
39.982145928735406,421.3,439.4,393.2,401.4
41.02904295135524,401.4,415.3,399.3,405.1
44.201854298065335,405.0,421.5,397.4,416.3
40.59007629109873,416.4,419.7,383.0,399.1
44.876702127030136,399.1,414.7,395.7,414.3
49.28417916342765,414.3,438.0,409.6,431.3
47.596598333703696,431.2,435.0,415.6,424.3
43.537064985166225,424.2,426.0,400.4,406.6
44.71335844099993,406.8,420.0,401.5,410.7
44.205377455928705,410.8,419.0,402.8,408.6
35.104248889440825,408.5,410.1,353.7,364.1
31.966579288498338,364.1,376.0,336.8,344.4
41.80504580179023,344.4,379.9,342.3,379.0
42.96036747690788,378.9,384.6,369.0,383.5
37.83704355426812,383.5,385.3,333.6,355.0
36.938181753339165,355.0,360.8,343.2,349.6
35.98350115285456,349.6,353.0,320.0,344.0
34.52491919697128,344.0,357.6,335.0,335.5
34.08727072611981,335.5,344.6,330.0,333.0
44.58700926344593,332.9,375.4,331.2,367.7
49.52764833619591,367.7,388.8,366.4,387.5
56.67165779767566,387.5,423.4,381.5,421.5
57.73282899805897,421.4,438.2,410.6,427.1
58.399010570937556,427.0,437.2,421.5,430.5
57.19968220013116,430.5,430.9,410.9,426.3
60.487163600645246,426.4,444.0,424.0,442.1
58.28996068855984,442.0,442.8,414.7,434.9
59.09014417194262,434.9,450.0,423.6,438.5
53.197872779488165,438.5,441.6,415.7,419.2
53.89057807585888,419.3,426.0,416.0,421.9
48.76618304464762,421.9,422.3,402.0,404.1
51.288327686584516,404.0,424.0,399.8,413.1
58.830426348857664,413.2,444.5,392.2,444.2
63.9689878926396,444.1,471.8,432.3,470.8
64.31163611179883,470.7,482.8,461.2,472.7
64.65456880417439,472.7,478.0,450.8,474.5
61.57480961782725,474.5,484.7,423.0,465.8
62.69657455177097,465.8,472.4,454.2,470.9
65.66021772154451,471.0,487.6,466.4,484.9
66.31889124200387,485.0,497.6,480.3,488.1
68.96345854099151,488.1,505.9,481.3,501.3
57.72262205970859,501.3,504.9,466.0,470.9
59.67834930390958,470.9,498.0,470.7,479.3
61.1084054146596,479.3,485.7,472.6,485.5
57.662727462480674,485.5,486.5,467.8,475.8
59.99198056649838,475.8,488.6,474.7,485.1
57.43080988261712,485.1,489.8,473.5,478.1
48.135842440553006,478.2,486.4,435.3,448.7
58.71044850082803,448.7,494.8,446.4,491.9
65.45319612738004,492.0,533.61,487.6,530.3
64.85910760369416,530.3,540.5,510.2,528.3
63.70707601135209,528.4,535.0,508.9,524.6
68.10911791627107,524.6,551.9,511.0,551.3
68.58554545034654,551.3,564.0,537.4,554.4
70.71343820191089,554.4,570.1,537.5,568.4
67.31141468103579,568.4,568.9,543.6,558.7
74.04819204578881,558.8,616.9,554.1,607.3
77.21183473702462,607.3,637.8,595.1,637.7
78.32567631330583,637.7,669.3,630.5,649.6
78.69324100545896,649.5,655.7,631.0,653.5
72.41938071424836,653.6,656.7,631.9,635.0
66.01604657273893,635.0,662.9,573.0,614.1
68.09472938730832,614.2,635.2,605.7,628.4
67.62744933876326,628.4,634.5,602.7,626.9
70.87080171414341,626.8,655.0,619.6,649.5
71.0504728392486,649.5,661.0,634.5,650.8
65.3719972671119,650.7,659.5,630.3,633.8
53.21990204119289,633.9,635.2,573.7,588.7
50.80681334239807,588.8,592.6,553.7,578.0
41.96015626556463,577.9,588.2,510.0,531.8
51.62112751673493,531.9,585.5,523.9,581.0
55.40676510460097,581.0,604.8,572.6,604.3
51.6170930000682,604.4,605.2,579.6,584.0
47.37147113820161,584.0,585.5,553.8,559.3
52.75891193593131,559.4,605.0,557.9,591.1
52.612996288557525,591.1,594.3,576.8,590.3
59.89880647988249,590.4,650.0,587.4,639.1
50.94487571340973,639.1,657.9,564.2,587.3
52.79339423695113,587.2,621.3,582.6,599.9
54.46525952828271,599.9,612.9,571.6,611.3
56.23688507921562,611.4,629.0,601.6,623.4
56.06216582642178,623.5,635.0,602.6,622.5
56.86397642473477,622.5,649.8,618.2,627.5
55.21461635145406,627.5,630.9,605.5,619.9
50.08851867471267,619.9,628.0,574.0,595.0
45.28782949650093,595.1,596.0,489.2,568.6
43.45302446481439,568.5,582.0,539.9,557.8
49.51093830920911,557.7,593.0,533.0,587.5
47.87439349408664,587.5,594.1,572.2,578.7
53.262532517905,578.7,607.6,567.0,607.2
46.53698748044402,607.3,617.0,567.7,570.2
43.67948791680892,570.2,595.1,550.2,552.4
46.102238389721656,552.5,572.7,542.0,564.5
47.2730896358423,564.6,574.8,559.3,570.3
39.431894744728446,570.3,572.2,511.1,521.0
40.95096267523519,521.0,535.8,509.7,528.1
43.73357202222971,528.0,546.7,501.6,541.1
41.329606222458196,541.1,545.3,524.8,526.2
41.21498502649316,526.2,535.8,511.0,525.5
43.24895013113251,525.5,537.8,515.0,533.9
42.4764224498411,533.9,544.4,527.1,529.8
41.35115704560867,529.8,534.8,505.6,524.0
42.565948242396125,524.0,535.7,509.8,528.3
44.102773689391945,528.4,545.0,527.2,533.6
48.42147841648338,533.6,552.6,524.3,549.0
46.68120160405403,549.0,554.4,537.4,542.1
48.22059220191679,542.1,550.5,539.1,547.4
47.93935711931521,547.4,549.3,535.6,546.4
53.04181093635633,546.5,572.0,543.1,563.7
44.95135590608331,563.7,563.7,528.4,534.2
40.507878305769616,534.2,540.5,510.3,514.5
41.76660305704759,514.5,527.8,508.3,518.5
40.14305633861148,518.6,528.3,506.0,511.4
45.27351993204225,511.5,527.9,511.4,527.3
46.42431784343678,527.4,533.9,518.0,531.0
41.5652969823445,531.0,532.8,510.0,511.9
40.373983240215836,511.9,520.0,502.0,506.9
33.57557493246519,506.9,516.0,457.0,474.1
33.29942529148684,474.2,481.3,458.8,472.6
29.09083439371601,472.6,473.9,437.5,448.1
26.41957653603862,448.1,459.7,415.0,429.9
29.777212935571853,429.8,444.5,427.0,438.7
27.618008391380272,438.8,445.5,405.6,424.7
40.523178641941996,424.8,467.7,421.3,463.6
46.86957180907076,463.6,489.9,456.6,487.8
44.22366917626921,487.8,489.8,466.5,475.2
47.94118642653461,475.1,492.3,467.6,490.0
49.05306307909859,489.9,500.9,485.0,494.5
50.09881631812436,494.5,506.0,488.6,498.6
44.486340233717215,498.6,499.1,466.9,475.2
43.631510327320136,475.1,479.6,457.2,471.4
41.4853015253658,471.5,473.1,453.7,461.9
37.00733954598581,461.9,478.7,438.2,440.2
28.43237043978297,440.2,444.6,373.7,383.9
25.535043197366633,383.8,389.6,336.3,358.3
32.89880022061185,358.3,389.0,356.3,383.9
31.260266270952044,384.0,384.0,336.0,371.3
35.074305973363806,371.2,389.5,357.4,385.1
33.618635594574116,385.1,402.4,366.4,375.1
37.737227954387954,375.1,393.8,360.0,389.9
37.06783245890699,389.9,395.9,375.8,385.9
38.07335987681127,385.9,397.3,380.7,389.3
35.876404311198044,389.4,389.6,372.2,377.2
35.34991954433261,377.2,385.4,365.2,374.3
38.65930585869155,374.4,388.4,373.7,384.2
35.26238326774006,384.1,386.1,366.1,366.9
37.11966914607347,367.1,372.4,359.6,372.3
45.58764143916542,372.2,399.7,369.5,399.5
49.41738759758818,399.6,431.0,396.3,413.7
51.03778494484278,413.8,422.5,407.0,419.9
54.4823323862938,419.9,439.0,413.3,433.5
47.659021855650536,433.5,445.4,406.2,407.8
51.50219569308521,407.9,427.7,407.1,422.9
49.381707372010275,422.9,434.9,410.0,414.7
45.74551518863481,414.7,418.9,390.5,400.0
46.77906888632368,400.0,407.1,393.3,403.6
45.30735578434705,403.6,407.8,394.7,397.9
47.03877457147356,398.0,404.5,390.6,403.4
55.10847725242396,403.4,443.0,402.7,432.4
53.562797141428014,432.4,433.5,422.2,427.3
46.678882001764805,427.3,431.1,400.0,402.4
45.86310579319389,402.4,411.0,392.2,399.2
46.053476449820074,399.2,406.4,393.0,399.8
41.075792852127414,399.8,400.0,375.0,380.6
35.85843216425013,380.7,393.7,355.0,356.6
41.736175322372844,356.7,375.4,348.7,374.3
39.80534930468844,374.3,384.2,365.3,365.6
38.82702527715038,365.6,371.3,323.5,361.2
43.51599926839849,361.2,377.2,356.8,375.0
43.18022142287382,375.0,386.1,370.5,373.7
39.72667327264433,373.7,381.2,358.1,360.1
50.79046599824406,360.1,397.2,355.8,395.6
54.13609315678447,395.7,424.9,390.4,408.7
54.28938181449303,408.7,415.7,403.8,409.3
52.19165802191023,409.3,413.2,397.4,402.6
44.36613727824368,402.6,403.5,372.0,374.2
47.50032095241811,374.1,387.3,367.2,384.7
44.979362743417866,384.8,387.3,371.6,375.0
46.73686857210989,375.0,385.9,362.8,380.6
46.997337240374065,380.6,388.7,375.3,381.4
50.8177794160324,381.4,402.7,381.0,393.2
44.598064352675586,393.2,394.5,363.0,372.0
44.57035351165833,372.1,380.0,364.7,371.9
44.75518667442157,371.9,379.2,371.1,372.4
41.478267298054405,372.4,377.2,360.1,361.4
46.11353992358973,361.4,373.9,359.5,373.4
45.562957464577856,373.4,374.7,361.7,371.7
50.674177459816875,371.7,386.6,367.8,385.4
52.899043505222046,385.3,393.5,381.7,391.8
54.753484996465254,391.9,400.0,384.0,397.2
55.69280242089939,397.2,406.4,394.9,399.9
51.79034344104111,399.9,400.8,386.2,390.8
53.78324285306823,390.8,399.5,384.8,396.0
56.849421111987525,396.0,410.0,394.8,404.3
58.320417931489416,404.3,411.7,397.9,408.4
60.37814932980307,408.4,416.6,405.0,414.2
58.29408502235177,414.2,421.5,405.5,410.3
60.3714929999007,410.3,416.4,407.5,415.8
65.3406616622285,415.9,431.6,411.7,430.5
65.16108374542802,430.6,441.0,427.6,430.2
66.4837440491788,430.2,441.6,429.4,434.2
68.98792811618051,434.2,449.3,425.5,442.1
60.812091346964124,442.1,452.3,423.9,428.9
66.83971309153274,428.9,448.2,412.8,447.7
61.17970066316375,447.8,454.2,435.7,437.2
65.17247475640923,437.3,455.7,432.2,450.4
63.6763668475244,450.4,450.5,433.4,447.6
62.08664355191636,447.6,460.0,444.1,444.7
50.556341300024954,444.7,448.6,418.3,420.1
56.216166216190715,420.1,450.0,416.2,436.0
50.4997713160887,436.1,442.0,418.4,421.4
52.357946444087084,421.5,428.2,419.6,426.6
49.11251894179235,426.6,429.5,417.0,418.1
