A,B,,
46,45.9,,
125.6,108.9,,
125.3,100.2,,
124.9,73,,
118.5,83.1,,
113.5,89.9,,
111.1,90.6,,
110.3,87,,
109.1,84.8,,
106,76.4,,
104.6,83,,
103.5,88,,
103.3,85.5,,
98.7,86.1,,
98.5,80.3,,
98.5,78.7,,
97.2,77.6,,
96.5,78.9,,
96.1,61.4,,
96.1,80.7,,
95.6,82.5,,
95.3,81.3,,
95.1,82.8,,
94.9,78.4,,
94.6,79.5,,
92.7,67.4,,
92.5,77.1,,
92.3,64.7,,
91.9,66.4,,
90.8,74.9,,
90.8,65.2,,
90.5,73.1,,
90.2,73.5,,
89.6,64,,
89.3,70.8,,
89.2,71.8,,
89.1,51.9,,
89,72.8,,
88.9,64.2,,
88.9,63.2,,
88,69.6,,
87.9,73.9,,
87.9,71,,
87.4,78.7,,
87.2,50.3,,
87,71.7,,
86.8,76,,
86.6,69.6,,
86.6,68.3,,
86.6,72,,
85.9,67.9,,
85.9,73.1,,
85.9,72.1,,
85.4,76.4,,
85.1,67.1,,
84.8,70.6,,
84.5,76.2,,
84.5,68.9,,
84.3,64.4,,
84.3,57,,
84.2,72.1,,
84.1,57.4,,
84.1,68.5,,
84.1,65.3,,
84.1,72.8,,
84,63.4,,
83.8,58.8,,
83.8,68.1,,
83.6,70,,
83.5,67.4,,
83.5,65.9,,
83.1,64.6,,
83.1,69.3,,
83,67.5,,
82.7,55.2,,
82.3,66.7,,
82,65.2,,
81.9,64.5,,
81.9,64.8,,
81.7,65.2,,
81.6,61.8,,
81.6,68.1,,
81.6,63.4,,
81.6,62.7,,
81.5,62.6,,
81.5,52.5,,
81.5,61.5,,
81.5,67.5,,
81.4,58.3,,
81.4,65,,
81.3,65.8,,
81.2,66.7,,
81.2,69.2,,
81.1,66.8,,
81.1,56.4,,
81,60,,
80.8,59.2,,
80.6,55,,
80.6,63.8,,
80.6,64.8,,
80.6,67.9,,
80.5,60.6,,
80.3,62.6,,
80.2,59.3,,
80.1,64.9,,
80.1,51.7,,
80,59.3,,
80,65.1,,
80,66,,
79.9,63.9,,
79.9,61.5,,
79.8,71.6,,
79.8,66.1,,
79.6,63.1,,
79.5,65,,
79.5,68.2,,
79.3,62.7,,
79.3,57.4,,
79.1,64.1,,
79,57.5,,
78.8,58,,
78.7,64.7,,
78.5,59,,
78.4,60.7,,
78.3,54.7,,
78.3,68.4,,
78.2,60.2,,
78.2,64.8,,
78.1,62.2,,
78.1,71,,
78,62.5,,
77.8,64.9,,
77.8,65.4,,
77.7,59.1,,
77.6,53.4,,
77.6,60.9,,
77.5,66.6,,
77.5,65.5,,
77.5,63.1,,
77.4,58.2,,
77.3,67.7,,
77.3,65.7,,
77.3,63.3,,
77.3,56.3,,
77.3,63.2,,
76.9,61.1,,
76.8,55.5,,
76.8,56.4,,
76.8,43.5,,
76.7,68.2,,
76.7,66.1,,
76.7,66,,
76.6,58,,
76.6,56.6,,
76.6,60.5,,
76.6,62.1,,
76.4,68.2,,
76.4,65.1,,
76.4,61.9,,
76.3,62.6,,
76.3,43.3,,
76.2,47.9,,
76.2,60.8,,
76.1,56,,
76.1,55.3,,
76.1,58.9,,
76,62,,
76,63.4,,
76,61,,
76,57.9,,
75.9,66.1,,
75.9,59.4,,
75.8,49.7,,
75.7,60.4,,
75.6,44.9,,
75.6,53.7,,
75.4,66,,
75.3,63.9,,
75.3,62,,
75.3,61.9,,
75.2,61,,
75.2,55.5,,
75.2,62.8,,
75.1,65,,
75,62.1,,
75,64.4,,
74.9,57.6,,
74.8,58.7,,
74.7,66.6,,
74.7,60,,
74.6,64.9,,
74.5,61.3,,
74.5,62.3,,
74.4,59.7,,
74.4,65.2,,
74.4,62.5,,
74.3,51.1,,
74.3,65.8,,
74.2,60.2,,
74.2,46.2,,
74.1,64.3,,
74.1,58,,
74.1,50.9,,
74,53.6,,
74,64.1,,
74,62.8,,
74,65.9,,
74,56,,
73.9,61.9,,
73.9,63.5,,
73.8,59.2,,
73.8,65.5,,
73.8,61.9,,
73.8,63.3,,
73.7,63.9,,
73.7,56.4,,
73.6,60.3,,
73.6,59.5,,
73.6,61.5,,
73.6,57.3,,
73.5,61,,
73.5,64.3,,
73.4,63.8,,
73.4,64.3,,
73.2,55.7,,
73.2,65.7,,
73.2,59.8,,
73.1,62.6,,
73,63.1,,
73,54.1,,
73,59.9,,
72.8,62.4,,
72.7,57.9,,
72.7,60.7,,
72.6,48.9,,
72.6,53.2,,
72.6,57.5,,
72.5,59.1,,
72.5,63.7,,
72.5,55.1,,
72.4,55.3,,
72.4,59.9,,
72.3,63.3,,
72.2,56.8,,
72.2,61.8,,
72.2,52.3,,
72.2,60.2,,
72.2,64.7,,
72.2,61.4,,
72.1,60.8,,
71.9,62.1,,
71.9,58.1,,
71.9,61.7,,
71.9,61.8,,
71.9,59.9,,
71.9,57.3,,
71.8,55.2,,
71.8,59.1,,
71.7,52.1,,
71.7,56.9,,
71.7,40.6,,
71.7,56.8,,
71.7,57.7,,
71.6,61.7,,
71.6,58.7,,
71.6,66.5,,
71.6,56.3,,
71.5,60.4,,
71.4,59,,
71.4,56.4,,
71.3,51,,
71.2,59.6,,
71.2,60.1,,
71.2,57,,
71.1,64,,
71.1,63,,
70.9,51.4,,
70.8,50.1,,
70.8,58.1,,
70.8,52.9,,
70.8,56.5,,
70.8,57.5,,
70.7,55.3,,
70.7,60.7,,
70.7,55.7,,
70.7,58.1,,
70.6,58.8,,
70.6,60.7,,
70.6,55.5,,
70.6,50.9,,
70.5,59.8,,
70.5,55.8,,
70.5,51.7,,
70.5,53.3,,
70.5,54.5,,
70.4,57.6,,
70.4,46.6,,
70.4,57.5,,
70.4,55.3,,
70.4,60.5,,
70.2,60,,
70.2,45.7,,
70.2,53.1,,
70.1,55.6,,
70.1,58.7,,
70.1,58.8,,
70.1,58,,
70.1,61,,
70,58.8,,
70,56.5,,
70,61.2,,
70,43.4,,
69.9,57.8,,
69.9,55.9,,
69.9,50.5,,
69.9,53.3,,
69.9,58.4,,
69.9,56.4,,
69.7,58.2,,
69.7,55.8,,
69.6,59.5,,
69.6,62,,
69.6,57.4,,
69.6,55.1,,
69.6,62.6,,
69.5,54.6,,
69.5,61.8,,
69.5,57.6,,
69.5,58.7,,
69.5,53.1,,
69.5,49.2,,
69.4,41.6,,
69.4,58,,
69.4,55.7,,
69.4,61,,
69.4,53.8,,
69.3,59.4,,
69.3,62.1,,
69.3,56.6,,
69.2,58.9,,
69.2,59.4,,
69.2,51.2,,
69.1,53.1,,
69.1,56,,
69.1,54.1,,
69.1,62.1,,
69,48,,
68.9,51.6,,
68.9,55.9,,
68.9,50.6,,
68.9,54.6,,
68.9,50.3,,
68.9,57.7,,
68.8,53.5,,
68.8,49.4,,
68.7,58.6,,
68.7,55.9,,
68.7,60.7,,
68.6,55.1,,
68.6,59.9,,
68.5,49,,
68.5,57.5,,
68.5,53.9,,
68.4,52.6,,
68.4,51,,
68.4,56,,
68.3,51.1,,
68.3,58.7,,
68.2,53.7,,
68.2,58.1,,
68.2,59.8,,
68.1,53.9,,
68.1,49.6,,
68.1,51.6,,
68,57.3,,
68,47.8,,
67.9,55.2,,
67.9,58.9,,
67.9,53.3,,
67.9,47.2,,
67.9,55.8,,
67.9,59.5,,
67.9,55.9,,
67.8,54,,
67.8,53.8,,
67.8,62.2,,
67.8,53.8,,
67.8,46.7,,
67.8,57.9,,
67.8,60.7,,
67.8,59.8,,
67.8,56,,
67.7,61.5,,
67.7,48.8,,
67.7,55.5,,
67.7,56,,
67.7,56.6,,
67.7,46.7,,
67.6,57.9,,
67.5,55.1,,
67.5,53,,
67.5,58,,
67.5,62.4,,
67.4,61.5,,
67.4,50.5,,
67.4,56.7,,
67.4,58.1,,
67.3,59.6,,
67.3,60.8,,
67.3,60.1,,
67.3,52.7,,
67.2,54.2,,
67.2,56.1,,
67.2,59.3,,
67.2,55.7,,
67.2,46.9,,
67.1,48.8,,
67.1,52.8,,
67.1,50.2,,
67.1,59.6,,
67.1,57.8,,
67,56.9,,
67,46.5,,
67,55.4,,
66.9,52.5,,
66.9,51.9,,
66.9,56.1,,
66.9,51.5,,
66.8,54,,
66.8,44.6,,
66.8,51,,
66.8,51.2,,
66.7,56.8,,
66.7,55,,
66.7,57.2,,
66.6,60,,
66.6,53.4,,
66.6,57.7,,
66.6,50.7,,
66.6,43,,
66.6,53.4,,
66.5,61.6,,
66.5,47.5,,
66.5,53.1,,
66.4,51.9,,
66.4,53,,
66.4,58.3,,
66.4,43.2,,
66.4,59.7,,
66.4,56.7,,
66.4,55.8,,
66.3,58.3,,
66.3,54.9,,
66.3,54.9,,
66.2,54.3,,
66.2,62.1,,
66.2,55.2,,
66.2,43,,
66.1,58.3,,
66.1,47.2,,
66.1,50.1,,
66.1,44.6,,
66.1,35.5,,
66.1,48.2,,
66,56.3,,
66,46.3,,
66,57.1,,
66,48.2,,
65.9,47.6,,
65.9,47.5,,
65.9,59.7,,
65.9,48.9,,
65.9,57.1,,
65.8,54.7,,
65.8,54.2,,
65.8,55,,
65.8,55.8,,
65.8,50.9,,
65.7,50.3,,
65.7,47.2,,
65.7,54.2,,
65.6,53.8,,
65.6,49.4,,
65.6,54.9,,
65.6,47.8,,
65.5,58.7,,
65.5,56.8,,
65.5,48.9,,
65.4,55.8,,
65.4,53.8,,
65.4,55.2,,
65.4,54.4,,
65.3,55.6,,
65.3,50.5,,
65.3,56.8,,
65.3,58.7,,
65.2,50.4,,
65.2,43,,
65.2,54.2,,
65.2,50.5,,
65.2,57.8,,
65.1,50.3,,
65.1,56.4,,
65.1,47.5,,
65.1,51.1,,
65.1,47.7,,
65.1,58.2,,
65.1,56.7,,
65.1,58.2,,
65,57.7,,
65,40.5,,
65,58.5,,
65,57.6,,
65,59.4,,
65,55.7,,
65,42.1,,
64.9,44.7,,
64.9,47,,
64.9,49.8,,
64.8,42.8,,
64.8,58.1,,
64.8,50.3,,
64.8,51.4,,
64.7,55.9,,
64.7,36.8,,
64.7,57.9,,
64.6,46.8,,
64.6,54.5,,
64.6,55.9,,
64.6,54.7,,
64.6,48,,
64.6,52.6,,
64.6,50.6,,
64.5,52.1,,
64.5,57.6,,
64.5,52,,
64.5,49,,
64.5,50.6,,
64.5,55.4,,
64.5,48.1,,
64.5,55.8,,
64.5,60.1,,
64.4,52.8,,
64.4,54.4,,
64.4,50.3,,
64.4,57.6,,
64.4,54.8,,
64.3,56.6,,
64.3,45.7,,
64.3,61.9,,
64.3,51.9,,
64.3,42.7,,
64.3,52.5,,
64.3,41.3,,
64.3,58,,
64.2,60,,
64.2,54.1,,
64.2,52.2,,
64.2,57.6,,
64.2,55,,
64.2,49.4,,
64.1,55.1,,
64.1,50.5,,
64,55.1,,
64,55.9,,
64,49.8,,
64,50.9,,
64,56.8,,
64,55.1,,
64,40.2,,
64,46.4,,
63.9,49.3,,
63.9,56.6,,
63.9,54.4,,
63.8,51.2,,
63.7,51.9,,
63.7,49,,
63.7,53.1,,
63.6,54.6,,
63.6,55.6,,
63.6,41.1,,
63.6,55.5,,
63.6,53.1,,
63.6,52.6,,
63.5,46.9,,
63.5,46.6,,
63.5,41.7,,
63.5,53.9,,
63.5,51.4,,
63.4,54.3,,
63.4,46.1,,
63.4,53.8,,
63.3,60,,
63.3,42.4,,
63.3,48.4,,
63.3,40.6,,
63.3,51.6,,
63.3,50.1,,
63.3,52.7,,
63.3,55.1,,
63.2,56.1,,
63.2,50.5,,
63.1,53.1,,
63.1,51.6,,
63.1,53.3,,
63.1,55.4,,
63.1,58.6,,
63.1,53.9,,
63.1,53.4,,
63.1,56.2,,
63.1,50,,
63,42.6,,
63,53.7,,
63,49,,
62.9,47.7,,
62.9,52.9,,
62.9,49.9,,
62.9,50.1,,
62.9,48.9,,
62.9,56,,
62.8,46.8,,
62.8,55.4,,
62.8,57.1,,
62.8,52.6,,
62.8,50.4,,
62.8,54.6,,
62.7,45.3,,
62.7,52.4,,
62.7,55.7,,
62.7,49.9,,
62.7,49.6,,
62.6,50.4,,
62.6,53.2,,
62.6,45.6,,
62.6,55.7,,
62.5,57,,
62.5,50.4,,
62.5,49,,
62.5,43.5,,
62.4,53.8,,
62.4,56.2,,
62.4,36.3,,
62.4,52.5,,
62.3,43,,
62.3,50.2,,
62.3,47,,
62.3,48.4,,
62.2,47.8,,
62.2,48.6,,
62.2,51.5,,
62.2,55.6,,
62.2,47.8,,
62.2,54.7,,
62.1,56.3,,
62.1,53.2,,
62.1,44.4,,
62.1,45.8,,
62.1,51.4,,
62.1,53.7,,
62,52.4,,
62,56.6,,
62,52.2,,
62,45.4,,
62,47.5,,
62,48.6,,
61.9,44.1,,
61.9,38.2,,
61.9,57,,
61.9,49.5,,
61.9,48.4,,
61.9,54.9,,
61.9,54.3,,
61.8,53.7,,
61.8,48.1,,
61.8,47.9,,
61.8,59,,
61.8,49.1,,
61.8,51.2,,
61.8,55.4,,
61.8,45.2,,
61.8,45.5,,
61.7,44.7,,
61.6,56.3,,
61.6,45.9,,
61.6,54.2,,
61.6,47.5,,
61.5,42,,
61.5,55.1,,
61.5,38.8,,
61.5,52.3,,
61.5,55.2,,
61.5,54.5,,
61.4,54.7,,
61.4,39.5,,
61.4,47.3,,
61.3,49.6,,
61.3,54.6,,
61.3,55.7,,
61.3,56.5,,
61.3,56.5,,
61.3,48.4,,
61.2,53.4,,
61.2,54.3,,
61.2,49.8,,
61.2,52.8,,
61.2,55,,
61.2,50.9,,
61.1,45.5,,
61.1,51.6,,
61,54.2,,
61,38.9,,
61,36.2,,
61,54.8,,
61,54,,
61,50.6,,
60.9,54.1,,
60.9,51.3,,
60.9,53.4,,
60.9,51,,
60.9,53.5,,
60.8,35.1,,
60.8,54.9,,
60.8,47.8,,
60.7,40.6,,
60.7,52.2,,
60.7,54.8,,
60.7,55.7,,
60.7,53,,
60.6,51.6,,
60.6,41.1,,
60.6,45.6,,
60.6,44,,
60.6,57.5,,
60.6,50.5,,
60.6,48.8,,
60.6,45.5,,
60.5,54.9,,
60.5,45.9,,
60.5,44.8,,
60.5,58.1,,
60.5,48.9,,
60.5,54.3,,
60.4,45,,
60.4,46.7,,
60.4,55.5,,
60.4,49,,
60.4,52.8,,
60.3,43.2,,
60.3,54.4,,
60.3,51.8,,
60.3,53.7,,
60.2,45.6,,
60.2,45.9,,
60.2,46.9,,
60.2,54.1,,
60.2,53.6,,
60.2,55,,
60.2,48.3,,
60.2,47.6,,
60.2,53.9,,
60.1,44.1,,
60.1,43.2,,
60.1,55,,
60.1,55.5,,
60.1,53.4,,
60.1,50.7,,
60.1,43.9,,
60.1,50.8,,
60.1,55.1,,
60.1,50.3,,
60.1,49.4,,
60.1,39.3,,
60.1,46,,
60.1,46.6,,
60,40.7,,
60,54.1,,
60,34.9,,
60,51.3,,
60,54.1,,
60,43.4,,
60,50.5,,
60,48.3,,
60,52.3,,
59.9,54.3,,
59.9,52,,
59.9,48.4,,
59.9,49.7,,
59.9,51.8,,
59.9,53.3,,
59.9,50.4,,
59.9,47.9,,
59.9,55.1,,
59.9,49.5,,
59.9,44.9,,
59.9,51.2,,
59.9,48.4,,
59.8,51.8,,
59.8,52.8,,
59.8,47.4,,
59.8,48.6,,
59.8,53.3,,
59.7,45.2,,
59.7,44.1,,
59.7,47,,
59.7,50.3,,
59.7,50.2,,
59.7,53.3,,
59.7,38.4,,
59.7,36.6,,
59.7,54.7,,
59.7,54.3,,
59.7,55.3,,
59.7,51.3,,
59.7,49.5,,
59.6,46.6,,
59.6,47.5,,
59.6,40,,
59.6,39.2,,
59.5,52.2,,
59.5,49,,
59.5,42.2,,
59.5,48.2,,
59.5,48.9,,
59.5,54.8,,
59.5,48.3,,
59.5,49.8,,
59.5,42.1,,
59.4,49.4,,
59.3,50.6,,
59.3,49.6,,
59.3,46.8,,
59.3,47.9,,
59.3,49.7,,
59.3,46.7,,
59.3,34.9,,
59.3,44.5,,
59.2,47.1,,
59.2,45.7,,
59.2,51.6,,
59.2,52.2,,
59.2,51.5,,
59.2,53.3,,
59.2,45.8,,
59.2,37.4,,
59.2,47.4,,
59.2,41.7,,
59.2,46.3,,
59.1,55.6,,
59.1,53.9,,
59.1,48.2,,
59.1,50.6,,
59.1,34.7,,
59.1,50.2,,
59.1,51.2,,
59.1,36.6,,
59.1,49.8,,
59,35.3,,
59,42.8,,
59,52.5,,
59,49.2,,
59,43,,
59,51.8,,
59,49.6,,
58.9,53.8,,
58.9,48,,
58.9,51.9,,
58.9,40.5,,
58.9,50.8,,
58.9,51.4,,
58.9,44.5,,
58.8,55.3,,
58.8,51.5,,
58.8,49.3,,
58.8,40.4,,
58.8,46.3,,
58.8,43.7,,
58.8,49.2,,
58.8,46.6,,
58.8,49.3,,
58.7,39.2,,
58.7,52.1,,
58.7,51,,
58.7,52.3,,
58.6,46.7,,
58.6,42.1,,
58.6,46.9,,
58.6,41.5,,
58.6,53,,
58.6,49.9,,
58.6,35.4,,
58.6,41.9,,
58.6,48,,
58.6,46.6,,
58.6,51.1,,
58.5,46.8,,
58.5,44.1,,
58.5,53.7,,
58.5,54.8,,
58.5,48.2,,
58.5,39.2,,
58.5,52.9,,
58.5,42.5,,
58.5,51.8,,
58.5,53.4,,
58.5,55.1,,
58.5,55,,
58.5,39.3,,
58.4,47.3,,
58.4,40.7,,
58.4,46.1,,
58.4,53.7,,
58.4,40.4,,
58.4,53.5,,
58.4,52.6,,
58.4,53.1,,
58.4,47.8,,
58.3,45.2,,
58.3,36.6,,
58.3,47,,
58.3,44.9,,
58.3,56.6,,
58.2,44,,
58.2,46.9,,
58.2,50.8,,
58.2,52.5,,
58.2,51.9,,
58.2,43.8,,
58.1,38.1,,
58.1,53.5,,
58.1,45.4,,
58.1,38.1,,
58.1,49.6,,
58.1,48.7,,
58,51.8,,
57.9,43.1,,
57.9,50.1,,
57.9,49.3,,
57.9,47.2,,
57.9,49.8,,
57.9,50.4,,
57.9,46.2,,
57.9,45.5,,
57.9,49,,
57.8,43.6,,
57.8,46.5,,
57.8,47,,
57.8,49.2,,
57.8,40.3,,
57.8,49.6,,
57.8,43.5,,
57.7,41.5,,
57.7,54.1,,
57.7,45.3,,
57.7,56.2,,
57.7,48.8,,
57.7,40.3,,
57.7,43.1,,
57.6,44.8,,
57.6,37.4,,
57.6,44.6,,
57.6,46.7,,
57.6,36.6,,
57.6,48.5,,
57.6,33.9,,
57.6,46,,
57.5,45.4,,
57.5,45.8,,
57.5,44.7,,
57.5,49.9,,
57.4,34.7,,
57.4,43.4,,
57.3,54.8,,
57.3,50.7,,
57.3,52.1,,
57.3,45.1,,
57.3,48.3,,
57.3,33.9,,
57.3,42.2,,
57.3,43.9,,
57.3,52.2,,
57.3,52.7,,
57.2,39.9,,
57.2,52.7,,
57.2,53.9,,
57.2,47.8,,
57.2,45.3,,
57.2,47,,
57.1,51,,
57.1,52.6,,
57.1,49.3,,
57.1,44.1,,
57.1,45.2,,
57.1,42.9,,
57.1,47.4,,
57.1,50.9,,
57.1,47.7,,
57.1,54.3,,
57,52.2,,
57,42.2,,
57,44.6,,
57,52,,
57,40.7,,
57,44,,
57,51.2,,
56.9,40.2,,
56.9,45.5,,
56.9,46.5,,
56.9,41.1,,
56.9,47.2,,
56.9,46.7,,
56.9,32.2,,
56.9,43.8,,
56.9,51.4,,
56.9,51,,
56.9,44.8,,
56.9,46.2,,
56.8,51,,
56.8,48.1,,
56.8,52.1,,
56.8,53,,
56.8,48,,
56.8,45.3,,
56.8,51.7,,
56.8,45.7,,
56.7,37.2,,
56.7,45.3,,
56.7,43.7,,
56.7,49.5,,
56.7,46.5,,
56.7,37.5,,
56.7,43.5,,
56.7,38,,
56.7,51.7,,
56.7,48.4,,
56.7,50.7,,
56.7,32.4,,
56.7,46.8,,
56.6,42.1,,
56.6,53.9,,
56.6,48,,
56.6,50.1,,
56.6,36,,
56.6,49.8,,
56.6,52.6,,
56.6,47.4,,
56.6,44.5,,
56.6,46.7,,
56.6,49,,
56.6,45.1,,
56.5,45.8,,
56.5,41.5,,
56.5,51.1,,
56.5,41.5,,
56.5,48.5,,
56.5,47.5,,
56.5,52.7,,
56.5,34.3,,
56.5,49.3,,
56.5,51.3,,
56.4,50.6,,
56.4,39.6,,
56.4,48.4,,
56.4,48.1,,
56.4,40.7,,
56.4,47.3,,
56.4,36.3,,
56.4,45.4,,
56.3,43.6,,
56.3,49.2,,
56.3,42.6,,
56.3,41.9,,
56.3,50.9,,
56.3,35.1,,
56.3,46.5,,
56.3,44.1,,
56.3,52.4,,
56.3,49.7,,
56.3,45.1,,
56.3,44.7,,
56.3,53.8,,
56.3,51.1,,
56.3,33.3,,
56.2,44,,
56.2,47.4,,
56.2,43.9,,
56.2,43.9,,
56.2,45.3,,
56.2,44.3,,
56.2,49.3,,
56.2,50.2,,
56.2,47,,
56.2,48.9,,
56.2,51.1,,
56.2,44,,
56.2,49.2,,
56.1,50.3,,
56.1,43.1,,
56.1,47.9,,
56.1,32,,
56.1,44.1,,
56.1,41.2,,
56.1,41.4,,
56.1,39.5,,
56.1,45.9,,
56.1,50.8,,
56,49.3,,
56,43.8,,
56,33.8,,
56,45.5,,
56,33.4,,
56,48.8,,
56,40.2,,
56,47.9,,
56,47.8,,
56,50.6,,
55.9,49.1,,
55.9,44.4,,
55.9,40.3,,
55.9,50.2,,
55.9,36.6,,
55.9,42.9,,
55.9,53.5,,
55.9,52.9,,
55.9,45.8,,
55.9,39.4,,
55.8,45.3,,
55.8,52.1,,
55.8,41.6,,
55.8,32.8,,
55.8,49.3,,
55.8,48.5,,
55.8,50.4,,
55.7,41.8,,
55.7,51.3,,
55.7,36.6,,
55.7,49.1,,
55.7,47.6,,
55.7,53.5,,
55.7,48,,
55.7,47.7,,
55.7,43.1,,
55.6,43.9,,
55.6,48.7,,
55.6,47,,
55.6,43.2,,
55.6,39,,
55.6,39.9,,
55.6,50.1,,
55.6,37.9,,
55.5,49.5,,
55.5,43.7,,
55.5,46.1,,
55.5,48,,
55.5,51.8,,
55.5,48.6,,
55.4,53.2,,
55.4,38.8,,
55.4,52.4,,
55.4,51.7,,
55.4,46.2,,
55.4,46.2,,
55.4,41.7,,
55.4,46.2,,
55.3,47.3,,
55.3,46.3,,
55.3,46.3,,
55.3,52.8,,
55.3,34.7,,
55.3,47.9,,
55.3,49.4,,
55.3,50.1,,
55.3,40,,
55.2,31.5,,
55.2,48.2,,
55.2,47,,
55.1,46.9,,
55.1,43.6,,
55.1,49.4,,
55.1,41.9,,
55.1,39.6,,
55.1,51.7,,
55.1,48.9,,
55.1,48.3,,
55.1,44.3,,
55,42.6,,
55,48.5,,
55,35.4,,
55,39.8,,
55,50.2,,
55,51.4,,
55,38.4,,
55,44.3,,
54.9,36.6,,
54.9,43.2,,
54.9,42.1,,
54.9,46.1,,
54.9,35.9,,
54.9,49.9,,
54.9,33.4,,
54.9,49.3,,
54.9,39.3,,
54.9,48,,
54.9,42.8,,
54.8,37.8,,
54.8,42.9,,
54.8,51,,
54.8,45.8,,
54.7,51.5,,
54.7,45.8,,
54.7,46.9,,
54.7,48.2,,
54.7,47.6,,
54.7,44.6,,
54.6,46.3,,
54.6,35.5,,
54.6,41.5,,
54.6,33.3,,
54.5,46.2,,
54.5,36.1,,
54.5,45.4,,
54.5,42.3,,
54.5,45.2,,
54.5,40.4,,
54.5,41.1,,
54.5,50.7,,
54.5,44.4,,
54.5,49.8,,
54.4,49.7,,
54.4,42.9,,
54.4,47.1,,
54.4,41.4,,
54.4,38.6,,
54.4,37.3,,
54.4,48.6,,
54.4,46.4,,
54.4,46.1,,
54.4,48.3,,
54.4,46.4,,
54.4,46.1,,
54.4,47.7,,
54.4,46,,
54.3,45.1,,
54.3,41,,
54.3,45.1,,
54.3,49.2,,
54.3,46.3,,
54.3,44.1,,
54.3,45.2,,
54.2,45.6,,
54.2,47.3,,
54.2,30.8,,
54.2,32,,
54.2,44.5,,
54.2,45.4,,
54.2,41.9,,
54.2,49.2,,
54.2,45.2,,
54.2,34.8,,
54.2,40.8,,
54.2,47.5,,
54.1,51.8,,
54.1,44.6,,
54.1,49.9,,
54.1,48.3,,
54.1,45.3,,
54.1,36,,
54.1,45.1,,
54.1,46.6,,
54.1,48.2,,
54.1,45.5,,
54.1,50,,
54.1,36.3,,
54,43.8,,
54,45.1,,
54,44.1,,
54,42.3,,
54,45.6,,
54,47.3,,
54,47.5,,
54,44.1,,
54,49.3,,
54,46.4,,
54,48.1,,
54,49.7,,
54,32.8,,
53.9,45.7,,
53.9,36.9,,
53.9,35.6,,
53.9,47.4,,
53.9,48.4,,
53.8,51.6,,
53.8,51.1,,
53.8,42,,
53.8,45,,
53.8,44.6,,
53.8,31.6,,
53.8,48,,
53.8,45.9,,
53.8,40.6,,
53.8,41.6,,
53.7,36.5,,
53.7,48.6,,
53.7,44.9,,
53.7,43.7,,
53.7,32,,
53.7,45,,
53.7,34.4,,
53.6,41.3,,
53.6,44.6,,
53.6,36.3,,
53.6,37.9,,
53.6,37.6,,
53.6,40.8,,
53.6,41.3,,
53.6,49.1,,
53.5,46.7,,
53.5,48.7,,
53.5,46.1,,
53.5,47.9,,
53.5,51.5,,
53.5,45.8,,
53.5,36.5,,
53.4,45.5,,
53.4,49.9,,
53.4,42.6,,
53.4,49.9,,
53.4,48.2,,
53.4,46.9,,
53.4,38.8,,
53.3,41.7,,
53.3,43,,
53.3,40.9,,
53.3,47.7,,
53.2,38.7,,
53.2,44.1,,
53.2,44.2,,
53.2,48.5,,
53.2,48.8,,
53.2,40.8,,
53.2,44.3,,
53.2,46.1,,
53.2,44.7,,
53.2,38.1,,
53.2,51,,
53.2,39.4,,
53.2,45.3,,
53.1,49.5,,
53.1,40.3,,
53.1,37.7,,
53.1,41.4,,
53.1,48.2,,
53.1,31,,
53.1,37.2,,
53,42,,
53,45.6,,
53,34.6,,
53,45.8,,
53,46.5,,
53,39.5,,
53,49.4,,
53,33.6,,
53,32.5,,
53,44,,
53,47,,
53,46.1,,
52.9,41.9,,
52.9,50.1,,
52.9,43,,
52.9,48.1,,
52.9,35.9,,
52.9,49.7,,
52.9,44.1,,
52.9,37.3,,
52.9,46.7,,
52.8,45,,
52.8,46.3,,
52.8,41.3,,
52.8,44.3,,
52.8,45.6,,
52.8,45.2,,
52.8,41.1,,
52.8,43.8,,
52.8,48.5,,
52.8,31.7,,
52.8,41.5,,
52.8,45.9,,
52.8,46.7,,
52.8,45.1,,
52.7,47.9,,
52.7,33.7,,
52.7,42.2,,
52.7,43.4,,
52.7,42.3,,
52.7,42.3,,
52.7,45.2,,
52.7,40.3,,
52.7,50.2,,
52.7,45.6,,
52.7,48.7,,
52.7,47.8,,
52.6,41.5,,
52.6,45,,
52.6,43.2,,
52.6,50.8,,
52.6,44.1,,
52.6,50,,
52.6,48.3,,
52.6,45.9,,
52.6,39.2,,
52.5,45.4,,
52.5,44.9,,
52.5,48.4,,
52.4,39.2,,
52.4,47.8,,
52.4,46.4,,
52.4,35.5,,
52.4,45,,
52.4,49.7,,
52.4,48.4,,
52.4,45.2,,
52.4,47.1,,
52.4,39.6,,
52.3,35.4,,
52.3,49.4,,
52.3,43.7,,
52.3,49.9,,
52.3,47.1,,
52.3,43.8,,
52.3,40.6,,
52.3,41,,
52.3,35,,
52.2,44.9,,
52.2,48.5,,
52.2,38.2,,
52.2,48.4,,
52.2,50.2,,
52.2,36,,
52.2,47.5,,
52.2,43.6,,
52.2,43.8,,
52.1,31.8,,
52.1,42.5,,
52.1,41,,
52.1,44.6,,
52.1,42.7,,
52.1,46.8,,
52.1,45.8,,
52.1,47.2,,
52.1,46.2,,
52,46.6,,
52,42.9,,
52,47.6,,
52,39.4,,
52,45.1,,
52,44.6,,
52,49.9,,
51.9,40.6,,
51.9,45.3,,
51.9,48,,
51.9,37.4,,
51.9,40.4,,
51.9,49.1,,
51.9,41,,
51.8,38.1,,
51.8,44.3,,
51.8,42.3,,
51.8,43.4,,
51.8,44.7,,
51.8,41.5,,
51.8,45.2,,
51.8,47.2,,
51.8,44.3,,
51.8,44.7,,
51.8,48.2,,
51.8,47.1,,
51.8,38.1,,
51.8,38.5,,
51.8,40.5,,
51.8,47.3,,
51.8,42.5,,
51.7,42.4,,
51.7,47.2,,
51.7,43.1,,
51.7,36.4,,
51.7,36.1,,
51.7,43.8,,
51.7,40.8,,
51.7,41.5,,
51.7,32.9,,
51.6,39.4,,
51.6,32.4,,
51.6,42.7,,
51.6,39,,
51.6,41,,
51.6,45.3,,
51.6,44,,
51.6,49.3,,
51.6,43.4,,
51.5,49.2,,
51.5,43.2,,
51.5,39.6,,
51.5,45.6,,
51.5,36.5,,
51.5,47.6,,
51.5,41.7,,
51.5,46.1,,
51.5,38.9,,
51.4,46.8,,
51.4,44.7,,
51.4,41.9,,
51.4,36.7,,
51.4,29.8,,
51.3,38.1,,
51.3,40.1,,
51.3,39.5,,
51.3,39.9,,
51.3,33.3,,
51.3,46.1,,
51.3,38.6,,
51.3,47.8,,
51.3,36.3,,
51.3,49.7,,
51.3,44.6,,
51.2,47.3,,
51.2,31.7,,
51.2,35.8,,
51.2,47.8,,
51.2,40.3,,
51.2,45.6,,
51.2,40.7,,
51.1,38.2,,
51.1,41.2,,
51.1,37.8,,
51.1,43.4,,
51.1,37.9,,
51.1,42.3,,
51.1,43.8,,
51.1,42.2,,
51.1,49.6,,
51.1,43.8,,
51,37,,
51,39.2,,
51,48.2,,
51,44.9,,
51,46,,
51,34.4,,
51,40.7,,
50.9,44.7,,
50.9,44.8,,
50.9,39.7,,
50.8,44.5,,
50.8,36.2,,
50.8,41.9,,
50.8,44.4,,
50.8,41.8,,
50.8,48.4,,
50.8,31.3,,
50.8,39.1,,
50.7,36.7,,
50.7,45.9,,
50.7,43.2,,
50.7,42.9,,
50.7,39.8,,
50.7,41.1,,
50.7,41.2,,
50.7,39.4,,
50.6,49,,
50.6,43.4,,
50.6,41.5,,
50.6,33.9,,
50.6,34.7,,
50.6,41.4,,
50.6,45.8,,
50.5,45.2,,
50.5,41.7,,
50.5,43,,
50.5,43.8,,
50.5,46.6,,
50.5,37.2,,
50.5,44.7,,
50.5,30.7,,
50.5,34.4,,
50.4,47.1,,
50.4,36,,
50.4,42,,
50.4,39.6,,
50.4,44.6,,
50.4,39,,
50.4,43.9,,
50.4,32.4,,
50.4,44.8,,
50.4,41.5,,
50.4,43.4,,
50.4,39.8,,
50.3,47.7,,
50.3,47.6,,
50.3,47.5,,
50.3,44.3,,
50.3,36.8,,
50.3,41.5,,
50.3,45.9,,
50.3,31.5,,
50.2,29.3,,
50.2,41.3,,
50.2,39.8,,
50.2,39.7,,
50.2,42.4,,
50.2,43.8,,
50.2,44.8,,
50.2,42.8,,
50.1,41.6,,
50.1,47.9,,
50.1,40.2,,
50.1,45,,
50.1,38,,
50.1,47.5,,
50.1,47.9,,
50.1,41,,
50.1,33.9,,
50.1,33.2,,
50.1,41.5,,
50.1,33.4,,
50,39.3,,
50,37.9,,
50,46.7,,
50,33.9,,
50,41.7,,
50,28.2,,
50,43.2,,
49.9,45.9,,
49.9,43.2,,
49.9,39.2,,
49.9,45.8,,
49.9,46.1,,
49.9,28.5,,
49.9,44.3,,
49.9,36.3,,
49.9,35.4,,
49.8,41.7,,
49.8,35.2,,
49.8,45.3,,
49.8,46,,
49.8,35.2,,
49.7,45.1,,
49.7,41.2,,
49.7,44.2,,
49.7,37.5,,
49.7,43.9,,
49.7,45.7,,
49.7,45.9,,
49.7,33.2,,
49.6,47.2,,
49.6,47,,
49.6,37.9,,
49.6,46.6,,
49.6,41.4,,
49.6,35.8,,
49.5,46.9,,
49.5,43.5,,
49.4,34,,
49.4,37.7,,
49.4,42.8,,
49.4,33.3,,
49.4,46,,
49.4,44.9,,
49.4,44.9,,
49.4,38.5,,
49.4,39.6,,
49.4,45.2,,
49.4,45.7,,
49.4,40.8,,
49.3,41.3,,
49.3,39.8,,
49.3,41.2,,
49.3,40.5,,
49.3,39.8,,
49.3,45.9,,
49.2,43.1,,
49.2,37,,
49.2,41.6,,
49.2,43.1,,
49.1,38.4,,
49.1,42.2,,
49.1,35.5,,
49.1,35.2,,
49.1,36.2,,
49.1,28.8,,
49.1,36.7,,
49,29.6,,
49,39.5,,
49,38,,
49,37.7,,
49,43.4,,
49,37.7,,
49,40.3,,
49,38.7,,
48.9,36.1,,
48.9,46,,
48.9,33.3,,
48.9,30.7,,
48.9,45.6,,
48.9,35.2,,
48.9,46.3,,
48.9,29.6,,
48.9,44.9,,
48.8,43.4,,
48.8,46,,
48.8,34.1,,
48.7,39.9,,
48.7,37,,
48.7,27.4,,
48.7,44.7,,
48.7,34.5,,
48.7,45.4,,
48.7,31.2,,
48.6,44.7,,
48.6,44.6,,
48.6,38.6,,
48.6,39.6,,
48.6,44.3,,
48.6,40.6,,
48.6,37.8,,
48.6,33.3,,
48.6,28.9,,
48.6,40.5,,
48.6,37,,
48.5,43.6,,
48.5,45.9,,
48.5,27.6,,
48.5,35.6,,
48.5,36.5,,
48.5,38.9,,
48.4,36.4,,
48.4,40.2,,
48.4,39.9,,
48.4,33.4,,
48.4,33.9,,
48.4,44.8,,
48.4,33.3,,
48.4,38.2,,
48.4,42.1,,
48.4,32.6,,
48.3,46.6,,
48.3,35.9,,
48.3,35.6,,
48.3,41.4,,
48.3,44.5,,
48.3,39,,
48.3,42.9,,
48.3,32.4,,
48.3,33.2,,
48.3,43.1,,
48.3,44.3,,
48.3,40.5,,
48.3,45.6,,
48.3,40.9,,
48.3,41.7,,
48.3,37,,
48.3,42.3,,
48.3,37.8,,
48.3,41.5,,
48.2,36.5,,
48.2,35.7,,
48.2,39.7,,
48.2,38.6,,
48.2,39.4,,
48.2,34.5,,
48.2,41.7,,
48.2,37.8,,
48.2,39.3,,
48.1,35.9,,
48.1,46.7,,
48.1,41.6,,
48.1,44.4,,
48.1,39.2,,
48,44.2,,
48,41,,
48,42.1,,
48,29.6,,
48,40.9,,
48,43,,
48,41.1,,
48,42.3,,
48,45.1,,
48,40.8,,
47.9,37,,
47.9,43.5,,
47.9,43.6,,
47.9,44.6,,
47.9,30.8,,
47.9,41.5,,
47.8,38.3,,
47.8,27.7,,
47.8,39.1,,
47.8,45.9,,
47.8,44,,
47.7,38.5,,
47.7,36.2,,
47.7,39.9,,
47.7,34.5,,
47.7,45.7,,
47.7,41.7,,
47.7,41.5,,
47.6,43.6,,
47.6,40.1,,
47.6,29.3,,
47.6,40.7,,
47.6,32.7,,
47.6,43.9,,
47.6,40.7,,
47.6,34.2,,
47.6,38.9,,
47.6,31,,
47.6,36.1,,
47.6,44.1,,
47.6,29.8,,
47.5,42.3,,
47.5,34.9,,
47.5,43.8,,
47.5,45.2,,
47.5,44,,
47.5,30.3,,
47.5,43.5,,
47.4,41.9,,
47.4,36.1,,
47.4,33.4,,
47.4,37.7,,
47.4,40.3,,
47.4,37.5,,
47.4,38.5,,
47.3,34.1,,
47.3,42.9,,
47.3,42.9,,
47.3,38.9,,
47.3,37.6,,
47.2,37.4,,
47.2,39.8,,
47.2,39.6,,
47.2,42.2,,
47.2,29.4,,
47.2,40,,
47.2,42,,
47.2,31.6,,
47.2,37.3,,
47.2,35.8,,
47.2,44.6,,
47.2,43.3,,
47.2,39,,
47.1,40.6,,
47.1,39.3,,
47.1,41.8,,
47.1,37.8,,
47.1,37.5,,
47.1,34,,
47.1,39.3,,
47.1,42.4,,
47.1,37.7,,
47.1,39.9,,
47,43.1,,
47,35,,
47,38,,
47,34.5,,
47,43.4,,
47,36.5,,
47,43.6,,
47,44,,
47,40.2,,
47,35.5,,
46.9,26.7,,
46.9,37,,
46.9,36,,
46.9,43.9,,
46.9,31.8,,
46.9,41.9,,
46.9,41.5,,
46.9,37.5,,
46.9,26.8,,
46.9,41.4,,
46.8,26.6,,
46.8,41.8,,
46.8,43.9,,
46.7,42.1,,
46.7,41.8,,
46.7,36.8,,
46.7,37.9,,
46.7,39.6,,
46.7,41.3,,
46.7,30.7,,
46.7,34.4,,
46.7,34.7,,
46.7,39.2,,
46.6,37.8,,
46.6,26.5,,
46.6,32.6,,
46.6,41.3,,
46.6,33.8,,
46.6,33.1,,
46.6,26.9,,
46.6,32.5,,
46.6,42.1,,
46.6,37.9,,
46.6,42.7,,
46.6,39,,
46.5,28.8,,
46.5,37.8,,
46.5,37.5,,
46.5,32.8,,
46.5,32.7,,
46.5,43.3,,
46.5,41.9,,
46.5,35.4,,
46.5,35.1,,
46.4,27.6,,
46.4,42.5,,
46.4,44.4,,
46.4,40.7,,
46.3,35.5,,
46.3,37.4,,
46.3,36.9,,
46.3,39.4,,
46.3,35.3,,
46.2,39.9,,
46.2,35.1,,
46.2,31.7,,
46.2,29.5,,
46.2,35.5,,
46.2,39.1,,
46.2,29.1,,
46.2,40,,
46.2,43,,
46.2,40.8,,
46.1,33.7,,
46.1,37.6,,
46.1,36.4,,
46.1,30,,
46.1,30.7,,
46.1,43.2,,
46.1,43.3,,
46.1,33,,
46,42.4,,
46,34.6,,
46,37.9,,
46,43.4,,
46,38.3,,
46,33.7,,
45.9,37.3,,
45.9,31.5,,
45.9,44.2,,
45.9,39.4,,
45.9,26.3,,
45.9,41.7,,
45.9,42.7,,
45.9,30.4,,
45.9,41.2,,
45.9,36.9,,
45.9,30.1,,
45.9,40.1,,
45.8,36.2,,
45.8,38.8,,
45.8,37.5,,
45.8,39.7,,
45.8,39.3,,
45.8,37.1,,
45.8,34.7,,
45.7,29.2,,
45.7,40,,
45.7,27.9,,
45.7,38.5,,
45.7,42.6,,
45.7,26.6,,
45.7,38.6,,
45.7,39.4,,
45.7,34.4,,
45.7,38.8,,
45.6,41.2,,
45.6,33.3,,
45.6,43.3,,
45.6,33.2,,
45.6,26,,
45.6,40.5,,
45.6,43,,
45.6,42.1,,
45.6,40.2,,
45.6,36.8,,
45.6,40.1,,
45.5,39.8,,
45.5,40.8,,
45.5,36.3,,
45.5,42.5,,
45.5,27.6,,
45.4,28.4,,
45.4,37.7,,
45.4,36.5,,
45.4,32.9,,
45.4,38.7,,
45.4,39.4,,
45.4,32.7,,
45.3,42.1,,
45.3,31.5,,
45.3,31.3,,
45.3,38.9,,
45.3,37.4,,
45.3,40.1,,
45.3,42.4,,
45.3,32.1,,
45.3,34.4,,
45.2,31.1,,
45.2,36.5,,
45.2,36.5,,
45.2,40.5,,
45.2,39.6,,
45.2,35.7,,
45.2,35.4,,
45.2,40.3,,
45.1,37.7,,
45.1,36,,
45.1,28.5,,
45.1,38.8,,
45.1,37.1,,
45.1,41.8,,
45.1,39.4,,
45.1,34.8,,
45,36.8,,
45,38,,
45,36.1,,
45,40.6,,
45,26.7,,
45,36,,
45,40,,
45,35,,
45,27,,
45,42.7,,
44.9,43.1,,
44.9,30.6,,
44.9,37.1,,
44.9,29.3,,
44.9,34,,
44.9,26.5,,
44.9,37.5,,
44.8,42.5,,
44.8,32.6,,
44.8,35.8,,
44.8,41.7,,
44.8,33.7,,
44.8,40.7,,
44.8,36.6,,
44.8,40.5,,
44.7,43.9,,
44.7,40,,
44.7,33.3,,
44.7,39.3,,
44.7,40.5,,
44.7,37.4,,
44.6,25.7,,
44.5,31.4,,
44.5,30.1,,
44.5,37.2,,
44.5,28,,
44.5,29.8,,
44.5,38.4,,
44.4,41,,
44.4,34.3,,
44.4,35.9,,
44.4,42.9,,
44.4,35.6,,
44.3,41.5,,
44.3,39.5,,
44.3,33.6,,
44.2,40.2,,
44.2,32.4,,
44.2,40,,
44.2,35.4,,
44.2,38.1,,
44.2,35.9,,
44.2,41.6,,
44.2,38.1,,
44.2,37.2,,
44.2,36.6,,
44.2,30.4,,
44.1,33.8,,
44.1,29.3,,
44.1,39.3,,
44.1,28,,
44,29.5,,
44,31.9,,
44,31.6,,
44,35.7,,
44,27.3,,
44,40.9,,
44,35.4,,
44,40,,
44,31,,
44,31.8,,
43.9,34.3,,
43.9,35.7,,
43.9,35.4,,
43.9,41.8,,
43.9,39.6,,
43.9,33.5,,
43.8,38,,
43.8,34.1,,
43.8,38.4,,
43.8,36.4,,
43.8,37.3,,
43.8,37.7,,
43.8,32.1,,
43.8,42.4,,
43.8,29.4,,
43.7,31.1,,
43.7,36.2,,
43.7,40.9,,
43.7,33.5,,
43.7,32.6,,
43.7,30.6,,
43.7,37.6,,
43.7,39.8,,
43.6,34.9,,
43.6,32,,
43.6,35,,
43.6,27.4,,
43.6,32.6,,
43.5,28.9,,
43.5,34.7,,
43.5,39.2,,
43.5,39.3,,
43.5,33.3,,
43.5,32,,
43.5,30.5,,
43.5,36.2,,
43.5,35.1,,
43.5,26.3,,
43.4,31.5,,
43.4,37,,
43.3,33.3,,
43.3,40.1,,
43.3,41.4,,
43.3,27.8,,
43.3,29.1,,
43.2,36.3,,
43.2,25.8,,
43.2,36.8,,
43.2,40.4,,
43.2,32.4,,
43.2,36.1,,
43.2,33.4,,
43.2,37,,
43.1,38.6,,
43.1,27.1,,
43.1,35,,
43.1,31.6,,
43.1,32.7,,
43.1,24.3,,
43.1,28.1,,
43.1,33.9,,
43.1,38.1,,
43.1,37.6,,
43,31,,
43,40.5,,
43,33.5,,
43,39.6,,
42.9,33.7,,
42.9,34.1,,
42.9,36.6,,
42.9,26.3,,
42.9,33.3,,
42.9,31.4,,
42.8,26.6,,
42.8,40.8,,
42.8,40.7,,
42.8,37.5,,
42.8,30.3,,
42.8,41.5,,
42.8,38.3,,
42.7,38.1,,
42.7,26.2,,
42.7,27.1,,
42.7,28.9,,
42.7,35.4,,
42.7,26.7,,
42.7,38,,
42.7,37.9,,
42.7,35.6,,
42.6,41,,
42.6,36.7,,
42.6,35.4,,
42.5,41.1,,
42.5,37,,
42.4,38.2,,
42.4,38.1,,
42.4,23.9,,
42.3,38.7,,
42.3,27.1,,
42.3,39.8,,
42.3,33.9,,
42.3,36.7,,
42.2,31,,
42.2,29.3,,
42.2,31.1,,
42.2,37.1,,
42.2,38.4,,
42.1,39.5,,
42.1,36.9,,
42.1,40.3,,
42.1,27.3,,
42.1,38.6,,
42.1,30,,
42,38.2,,
42,36.1,,
42,36.1,,
42,36.5,,
42,24.2,,
42,32.9,,
41.9,39.9,,
41.9,25,,
41.9,35.7,,
41.9,39.8,,
41.9,37,,
41.9,28.7,,
41.9,33.9,,
41.8,24.5,,
41.8,37.3,,
41.8,33.4,,
41.8,28.8,,
41.8,28.9,,
41.8,34.7,,
41.8,36.9,,
41.7,39.3,,
41.7,26.5,,
41.7,34.9,,
41.7,34,,
41.7,38.9,,
41.7,25,,
41.7,32.5,,
41.7,29.3,,
41.7,35.6,,
41.6,26.9,,
41.6,35.6,,
41.6,38.1,,
41.6,32.5,,
41.6,38.2,,
41.6,26,,
41.6,32.4,,
41.6,36.8,,
41.6,24.5,,
41.6,35,,
41.6,38.1,,
41.6,28.9,,
41.5,38.9,,
41.5,30.1,,
41.5,32.5,,
41.5,30.4,,
41.5,38.8,,
41.5,29,,
41.5,32.6,,
41.5,36.7,,
41.5,36.5,,
41.5,35.4,,
41.4,39.2,,
41.4,30.2,,
41.4,33.5,,
41.4,25.5,,
41.4,34.7,,
41.3,34.6,,
41.3,31.8,,
41.3,31.4,,
41.3,26.7,,
41.3,39,,
41.3,33.5,,
41.3,30.7,,
41.3,34.8,,
41.2,31.8,,
41.2,36.9,,
41.2,25.2,,
41.2,24.4,,
41.2,35.2,,
41.2,31.3,,
41.2,34.3,,
41.2,34.8,,
41.2,34.9,,
41.2,26.1,,
41.2,33.6,,
41.2,33.2,,
41.1,30.5,,
41.1,37.3,,
41.1,28.4,,
41.1,24.6,,
41,31.5,,
41,34.7,,
41,29.7,,
41,32.3,,
41,39.5,,
41,32.3,,
41,38.3,,
41,32.3,,
40.9,25.8,,
40.9,30.2,,
40.9,34.6,,
40.9,34.6,,
40.9,30,,
40.9,37.2,,
40.8,36.6,,
40.8,35.6,,
40.8,37.8,,
40.8,32.2,,
40.8,33.8,,
40.8,31.8,,
40.8,27,,
40.7,37.8,,
40.7,27.4,,
40.7,31.2,,
40.7,28.4,,
40.7,30.9,,
40.6,36.4,,
40.6,38.3,,
40.6,27.1,,
40.6,29.7,,
40.6,30.2,,
40.6,31.5,,
40.6,37,,
40.6,24.3,,
40.6,31.2,,
40.6,27.5,,
40.5,37.2,,
40.5,25.5,,
40.5,32.3,,
40.5,28.7,,
40.4,38.7,,
40.4,28.6,,
40.4,28.2,,
40.4,32.5,,
40.4,23,,
40.4,29.8,,
40.4,28.9,,
40.4,38.6,,
40.4,29.7,,
40.4,28,,
40.3,33.3,,
40.3,26.5,,
40.3,37.9,,
40.3,34.1,,
40.3,30.3,,
40.3,32.8,,
40.3,28.9,,
40.3,35,,
40.3,30.6,,
40.3,39.3,,
40.3,30.2,,
40.3,34.9,,
40.2,33.9,,
40.2,31,,
40.2,30.1,,
40.2,36.4,,
40.2,33,,
40.2,27.5,,
40.1,37.9,,
40.1,30.1,,
40,33.5,,
40,37.9,,
40,28.7,,
40,36.9,,
40,28.4,,
40,26.7,,
39.9,38.2,,
39.9,25.6,,
39.9,35.6,,
39.9,26.2,,
39.9,30.9,,
39.9,27.8,,
39.8,29.6,,
39.8,32.5,,
39.8,37.3,,
39.7,24.7,,
39.7,33.1,,
39.6,22.7,,
39.6,29.9,,
39.6,37.2,,
39.6,31.6,,
39.6,32.8,,
39.6,22.4,,
39.6,35.5,,
39.5,27.7,,
39.5,22.6,,
39.5,34.1,,
39.5,26.5,,
39.5,35.2,,
39.4,24.2,,
39.4,37,,
39.4,30.3,,
39.4,27.7,,
39.3,33.1,,
39.3,28.3,,
39.3,28.9,,
39.3,36.2,,
39.3,27.3,,
39.3,36.8,,
39.3,35.9,,
39.2,28.5,,
39.2,31.6,,
39.2,33.5,,
39.2,31.7,,
39.2,33.9,,
39.1,30.7,,
39.1,25.1,,
39,37.6,,
39,36,,
39,35.5,,
38.9,33.1,,
38.9,32.3,,
38.8,25.4,,
38.8,30.4,,
38.8,32.4,,
38.8,36.7,,
38.8,32.4,,
38.8,28.1,,
38.8,27.7,,
38.8,36.1,,
38.7,35.3,,
38.7,37.5,,
38.7,36.9,,
38.7,33.2,,
38.6,24.2,,
38.6,33.6,,
38.6,30.8,,
38.6,32.6,,
38.6,31.1,,
38.5,22.7,,
38.5,31.4,,
38.5,33.2,,
38.5,36.4,,
38.5,31,,
38.4,36.1,,
38.4,26.4,,
38.4,25.6,,
38.4,33.4,,
38.3,36.3,,
38.3,20.8,,
38.3,31.7,,
38.3,32.8,,
38.3,32.9,,
38.2,35.5,,
38.2,30.8,,
38.2,21.8,,
38.2,24.4,,
38.1,35.4,,
38.1,34.8,,
38.1,27.7,,
38.1,31.1,,
38.1,35.2,,
38.1,33.4,,
38.1,23.5,,
38,29.2,,
38,29.1,,
38,27.6,,
37.9,24.2,,
37.9,27.3,,
37.9,24.9,,
37.9,33.5,,
37.9,28.2,,
37.9,31.8,,
37.8,30.3,,
37.8,25,,
37.8,35.5,,
37.8,31,,
37.8,33.3,,
37.8,23.9,,
37.8,23.2,,
37.7,29.7,,
37.7,25.4,,
37.7,28.4,,
37.7,33.9,,
37.7,33.6,,
37.6,32.1,,
37.6,34.7,,
37.5,25.4,,
37.5,27.9,,
37.5,26.7,,
37.5,28.4,,
37.5,30.2,,
37.4,29.2,,
37.4,22.6,,
37.4,34.7,,
37.3,35.8,,
37.3,26.6,,
37.3,23.6,,
37.3,36.2,,
37.3,27.3,,
37.3,34.9,,
37.3,32.8,,
37.3,29.9,,
37.2,36.3,,
37.2,28.3,,
37.2,26,,
37.2,30.4,,
37.2,32.5,,
37.2,28,,
37.1,35.9,,
37.1,27.6,,
37.1,25.4,,
37.1,35.2,,
37.1,26.9,,
37.1,32.3,,
37.1,24.6,,
37.1,28.7,,
37,33.1,,
37,32.6,,
37,25.3,,
37,35.2,,
37,30.7,,
36.9,22.8,,
36.9,26.4,,
36.9,23.2,,
36.9,27.4,,
36.9,28.7,,
36.8,33.1,,
36.8,22.3,,
36.8,31.9,,
36.8,29.8,,
36.8,27.6,,
36.8,22,,
36.7,31.5,,
36.7,30,,
36.7,29.2,,
36.7,28.8,,
36.7,34.4,,
36.7,22.4,,
36.7,28.4,,
36.6,27.3,,
36.6,29.6,,
36.5,27.2,,
36.5,27.7,,
36.5,24.6,,
36.5,23.7,,
36.5,34.3,,
36.5,32.4,,
36.5,25.7,,
36.4,21.1,,
36.4,35.2,,
36.3,26.9,,
36.3,25.5,,
36.3,31,,
36.2,34.3,,
36.2,33.9,,
36.2,21.9,,
36.1,34.5,,
36.1,31.3,,
36,35,,
36,21.5,,
36,28.5,,
35.9,25,,
35.9,28.6,,
35.8,25.1,,
35.8,33.6,,
35.7,33.4,,
35.7,23,,
35.7,34.2,,
35.7,21.4,,
35.7,22.2,,
35.6,24,,
35.6,22.7,,
35.5,22.3,,
35.5,26.9,,
35.5,20.4,,
35.5,21.8,,
35.5,32.6,,
35.5,20.2,,
35.5,25.3,,
35.4,23.1,,
35.4,25.1,,
35.4,25.1,,
35.4,27.9,,
35.4,28.2,,
35.3,24.8,,
35.3,32.5,,
35.3,22.4,,
35.3,20.4,,
35.2,31.7,,
35.2,22.8,,
35.2,31.1,,
35.2,21.1,,
35.2,30.6,,
35.2,24.7,,
35.1,23,,
35.1,32.7,,
35,27.8,,
35,30.7,,
35,25.2,,
34.9,22.4,,
34.9,23.4,,
34.8,22.1,,
34.8,32.7,,
34.8,33.6,,
34.8,28.7,,
34.7,32,,
34.7,33.1,,
34.6,29.1,,
34.6,23.9,,
34.6,27.6,,
34.5,21.7,,
34.5,32.9,,
34.5,33.1,,
34.5,21.4,,
34.5,33.2,,
34.5,24.5,,
34.5,27.1,,
34.4,24,,
34.4,32.7,,
34.4,29.5,,
34.4,26.7,,
34.4,26.2,,
34.4,29.2,,
34.4,26.7,,
34.3,30.4,,
34.3,31.9,,
34.3,30.9,,
34.3,25.6,,
34.2,30.5,,
34.2,26.4,,
34.1,29.5,,
34.1,21.2,,
34.1,21.7,,
34.1,29.5,,
34,22.4,,
34,29.1,,
33.9,26,,
33.9,32.4,,
33.9,25.3,,
33.8,25.6,,
33.8,23.4,,
33.8,30.4,,
33.8,25.7,,
33.7,31.5,,
33.7,19,,
33.6,31.1,,
33.6,30.2,,
33.6,23.6,,
33.5,22.7,,
33.5,20.7,,
33.5,26.6,,
33.5,26.1,,
33.4,32.1,,
33.4,28.7,,
33.4,32.3,,
33.4,20,,
33.3,30,,
33.3,26,,
33.3,20.7,,
33.3,18.8,,
33.3,25.8,,
33.2,19.1,,
33.2,22.3,,
33.2,22.5,,
33.2,24.3,,
33.2,24.2,,
33.1,19.8,,
33,26.8,,
33,21.1,,
32.9,31.4,,
32.9,25.2,,
32.9,30.2,,
32.9,20.7,,
32.7,24.4,,
32.6,31.6,,
32.6,18.9,,
32.6,30.7,,
32.5,27,,
32.5,27.9,,
32.4,24,,
32.4,27.8,,
32.3,28.4,,
32.2,22.1,,
32.2,31,,
32.1,29.1,,
32,22.8,,
31.9,24.9,,
31.9,23.9,,
31.9,29.3,,
31.9,25.2,,
31.9,20.6,,
31.8,22.9,,
31.8,19.4,,
31.7,29.2,,
31.7,19.9,,
31.7,23.6,,
31.7,23.8,,
31.5,24,,
31.4,27.6,,
31.3,19.3,,
31.3,24.6,,
31.2,21.3,,
31.2,19.5,,
31.2,29.4,,
31.1,30.6,,
31.1,23.1,,
31.1,20.5,,
31,26.4,,
31,23.4,,
31,20,,
30.9,27.8,,
30.9,26.8,,
30.7,18,,
30.7,21.5,,
30.7,20.5,,
30.6,21.8,,
30.6,22,,
30.5,19.2,,
30.5,28.5,,
30.5,28.5,,
30.4,28.7,,
30.4,21.8,,
30.4,29.4,,
30.3,28.6,,
30.3,19.4,,
30.3,23.5,,
30.1,25.8,,
30,22,,
30,23.5,,
29.9,23.3,,
29.9,29,,
29.9,20.4,,
29.9,18.8,,
29.9,18.2,,
29.8,27.1,,
29.8,19.1,,
29.8,18.1,,
29.7,17.8,,
29.7,27.2,,
29.7,17.9,,
29.6,18.7,,
29.6,19.6,,
29.5,22.8,,
29.4,21.1,,
29.3,27.1,,
29.3,21,,
29.1,18.1,,
29.1,20.6,,
28.9,17,,
28.9,21.9,,
28.8,25.9,,
28.7,17.8,,
28.6,25.1,,
28.4,25.5,,
28.4,19.7,,
28.4,20.5,,
28.3,16.6,,
28.2,18.3,,
28.2,16.8,,
28.2,17.6,,
27.8,15.9,,
27.8,22.6,,
27.6,26.4,,
27.5,21.1,,
27,23.5,,
27,16.9,,
26.9,18.2,,
26.8,17,,
26.8,17.4,,
26.6,18.7,,
26.5,15.1,,
26.4,17.8,,
26.4,22.3,,
26.3,19.7,,
26.3,22.8,,
26.1,19.5,,
25.7,17.3,,
25.6,21.3,,
25.6,24.2,,
25.5,14.6,,
25.4,21,,
25.4,14.4,,
25.4,19.5,,
25.4,22.4,,
25.3,16.8,,
25.1,13.9,,
25,23.6,,
24.8,15.4,,
24.7,17.3,,
24.6,18.8,,
24.4,14.1,,
24.3,21.6,,
24.3,14.2,,
24.3,22.7,,
24.3,16.3,,
24,20.9,,
24,21.8,,
23.9,16.2,,
23.6,13.5,,
23.1,17.6,,
23.1,17.2,,
23.1,13.6,,
23,19.9,,
22.8,14.9,,
22.7,13.5,,
22.5,20.8,,
22.5,19.4,,
22.2,15.2,,
22.1,20.6,,
22.1,12.9,,
21.6,10.5,,
21.3,12.4,,
21.3,13.9,,
21,11.9,,
20.7,17.7,,
19.7,13.7,,
18.8,12.1,,
17.7,13.5,,
17.6,12.6,,
17.2,14.8,,
15.8,9.4,,
14.9,8.7,,
14.4,8.2,,
12.4,10.7,,
11.6,8,,
9.2,6.4,,
