BB_UPPER,BB_SMA,BB_LOWER,Open,High,Low,Close
0.1427324584239596,0.116596,0.09045954157604041,0.12401,0.12431,0.11465,0.11771
0.14246329004230512,0.11791599999999999,0.09336870995769488,0.11772,0.12468,0.11671,0.12321
0.14109778115520694,0.11946050000000001,0.09782321884479307,0.1232,0.12466,0.12032,0.1238
0.13966893911362208,0.120844,0.10201906088637791,0.12385,0.12607,0.12333,0.12422
0.13801973683995186,0.12194,0.10586026316004815,0.1242,0.12437,0.12053,0.12197
0.13892424968479997,0.1242145,0.10950475031520003,0.122,0.14588,0.12195,0.14362
0.14199973609675814,0.126383,0.11076626390324185,0.14368,0.15464,0.14131,0.14849
0.14338482490448576,0.1274305,0.11147617509551425,0.14847,0.14983,0.13,0.13859
0.14703246533457975,0.12838600000000003,0.10973953466542029,0.13861,0.15101,0.13399,0.14904
0.14835770349333732,0.1291705,0.10998329650666266,0.14904,0.14998,0.138,0.13972
0.14941751801132078,0.1302775,0.1111374819886792,0.13976,0.1426,0.13687,0.1406
0.150300890356461,0.130955,0.111609109643539,0.14056,0.14133,0.13552,0.13878
0.1519162738562907,0.13181749999999998,0.11171872614370926,0.13876,0.14691,0.13814,0.1441
0.15208564934825572,0.1322915,0.11249735065174428,0.14415,0.1485,0.1258,0.13375
0.15244928657821363,0.1325285,0.11260771342178635,0.13381,0.1393,0.132,0.1373
0.15363325335097502,0.1331615,0.11268974664902495,0.13735,0.14825,0.13611,0.14335
0.1545419918933841,0.13397399999999998,0.11340600810661586,0.14333,0.14533,0.1397,0.14227
0.15538001609857666,0.13508399999999998,0.11478798390142331,0.14229,0.14585,0.13986,0.14444
0.1553845140509915,0.13589299999999999,0.11640148594900848,0.14441,0.14746,0.1327,0.13888
0.15628804296272056,0.13704,0.11779195703727943,0.13891,0.14788,0.13723,0.14696
0.15566333253632036,0.1384105,0.12115766746367962,0.14695,0.1523,0.142,0.14512
0.15527579093687757,0.1394415,0.12360720906312242,0.14512,0.14653,0.14162,0.14383
0.15419504049912253,0.140094,0.12599295950087747,0.14376,0.1445,0.13131,0.13685
0.15282484643192912,0.140718,0.1286111535680709,0.13685,0.13787,0.12336,0.1367
0.14994072568108463,0.1415915,0.1332422743189154,0.1367,0.14212,0.13161,0.13944
0.14974237672217358,0.1413235,0.1329046232778264,0.13943,0.14117,0.13739,0.13826
0.14861644426053588,0.14081749999999998,0.13301855573946408,0.13826,0.1418,0.1362,0.13837
0.14861478164280714,0.140829,0.13304321835719288,0.13838,0.13961,0.13483,0.13882
0.14715501828980898,0.14039649999999998,0.13363798171019098,0.13882,0.14484,0.13731,0.14039
0.14718832975192844,0.140256,0.13332367024807154,0.14039,0.144,0.13374,0.13691
0.14810002753885923,0.13970900000000003,0.13131797246114083,0.13686,0.13832,0.1258,0.12966
0.14822594154608854,0.1394765,0.13072705845391147,0.12964,0.13453,0.12605,0.13413
0.1495442638532027,0.138429,0.12731373614679728,0.1342,0.13436,0.1214,0.12315
0.15046029992374282,0.137999,0.1255377000762572,0.12314,0.12618,0.1182,0.12515
0.15171170833531422,0.1372045,0.12269729166468579,0.12516,0.1259,0.11929,0.12141
0.15162249286800086,0.1362175,0.12081250713199912,0.12146,0.12707,0.12,0.12361
0.1531552623739708,0.1347235,0.11629173762602918,0.12359,0.12395,0.10485,0.11239
0.1531616312997532,0.133219,0.11327636870024682,0.11239,0.11819,0.11019,0.11435
0.15449373155843132,0.1316375,0.10878126844156867,0.11431,0.11583,0.10211,0.10725
0.15348809069977015,0.129753,0.10601790930022985,0.10726,0.11166,0.10602,0.10927
0.15161844481693212,0.1283085,0.10499855518306786,0.10926,0.11796,0.10799,0.11623
0.1495748117183029,0.1269905,0.10440618828169712,0.11624,0.11879,0.11369,0.11747
0.14844691574569627,0.1262745,0.10410208425430376,0.11742,0.1268,0.11296,0.12253
0.1472919535002055,0.125662,0.1040320464997945,0.1225,0.12812,0.11896,0.12445
0.14555260545230647,0.1244345,0.10331639454769354,0.12444,0.12642,0.11031,0.11489
0.14621721473110516,0.1222445,0.09827178526889485,0.1149,0.11693,0.09222,0.09446
0.1448121542888739,0.120404,0.09599584571112611,0.09448,0.10399,0.09215,0.10156
0.14430462213763806,0.117963,0.09162137786236192,0.1016,0.10398,0.0854,0.09
0.14201928269035088,0.1155735,0.08912771730964911,0.08998,0.09614,0.0855,0.0926
0.13958896102132234,0.113408,0.08722703897867766,0.09266,0.09421,0.08603,0.0936
0.13830323386274967,0.11147549999999999,0.08464776613725031,0.09365,0.09699,0.08845,0.09101
0.13519513947800577,0.10943449999999999,0.08367386052199423,0.09105,0.09575,0.08925,0.09331
0.13360580348203335,0.1081315,0.08265719651796666,0.09329,0.0995,0.09318,0.09709
0.13133485766116626,0.1067245,0.08211414233883373,0.09704,0.09755,0.09308,0.09701
0.1294447687211748,0.10553950000000001,0.08163423127882521,0.09696,0.0985,0.09446,0.09771
0.1268549239554279,0.10411250000000001,0.08137007604457212,0.09769,0.09981,0.09234,0.09507
0.1259511572873679,0.1033245,0.0806978427126321,0.09509,0.09787,0.09293,0.09663
0.12470260334544067,0.1022635,0.07982439665455932,0.09659,0.09804,0.09286,0.09313
0.12428034849791342,0.1014765,0.07867265150208658,0.09309,0.09334,0.08951,0.09151
0.12343961298910469,0.10071699999999999,0.07799438701089528,0.09151,0.09475,0.09075,0.09408
0.12133991601245808,0.099452,0.07756408398754192,0.09405,0.09415,0.08963,0.09093
0.11857449170960016,0.098149,0.07772350829039984,0.09092,0.09325,0.09044,0.09141
0.11371657750812085,0.0964905,0.07926442249187916,0.09139,0.09223,0.08751,0.08936
0.10728413815034281,0.0942595,0.08123486184965718,0.08936,0.09017,0.077,0.07983
0.10272523849036427,0.092588,0.08245076150963573,0.07989,0.08335,0.07906,0.08146
0.1040371478973477,0.0916965,0.0793558521026523,0.08148,0.0828,0.07545,0.07663
0.10281416229014967,0.0907455,0.07867683770985034,0.07663,0.08376,0.07549,0.08254
0.103464643167382,0.09109199999999999,0.07871935683261798,0.08254,0.09867,0.08233,0.09693
0.10374757328522069,0.0912355,0.0787234267147793,0.09691,0.09997,0.09226,0.09547
0.10488986079053811,0.09162050000000001,0.0783511392094619,0.09541,0.10273,0.09419,0.1013
0.10590342020066339,0.092085,0.07826657979933661,0.10132,0.10671,0.09957,0.1003
0.10686559296898959,0.09247449999999999,0.07808340703101038,0.10026,0.1036,0.09735,0.1011
0.10748828107841188,0.092688,0.07788771892158813,0.1011,0.10175,0.09662,0.10136
0.10761010466685506,0.0927395,0.07786889533314495,0.10136,0.10465,0.09458,0.09804
0.1071833575793103,0.09249700000000001,0.07781064242068972,0.09803,0.1004,0.08967,0.09286
0.10704958624048093,0.0924075,0.07776541375951908,0.09285,0.09532,0.09208,0.09328
0.10707540424057534,0.092419,0.07776259575942467,0.09332,0.09804,0.09205,0.09686
0.10745361189583416,0.0926315,0.07780938810416585,0.09684,0.09948,0.09585,0.09738
0.10751347507343856,0.09270049999999999,0.07788752492656142,0.0974,0.09864,0.09122,0.09289
0.10749058830967531,0.0926835,0.07787641169032469,0.09287,0.09449,0.08934,0.09374
0.10782178482275064,0.092953,0.07808421517724935,0.09372,0.09731,0.08975,0.09632
0.10875009648748449,0.093447,0.07814390351251552,0.09632,0.10255,0.09485,0.10129
0.11022163173633902,0.09422549999999999,0.07822936826366096,0.10133,0.11151,0.10133,0.10493
0.11093291682476422,0.095558,0.08018308317523579,0.10488,0.10899,0.10415,0.10648
0.11202161123725586,0.0969575,0.08189338876274414,0.10652,0.11369,0.10216,0.10945
0.11125923258381391,0.0985885,0.08591776741618608,0.10951,0.11428,0.10751,0.10925
0.11053746313218904,0.099813,0.08908853686781096,0.10927,0.11238,0.10519,0.10703
0.11135108331119159,0.10029950000000001,0.08924791668880844,0.10703,0.10782,0.10441,0.10666
0.11166648328951498,0.100733,0.08979951671048503,0.10664,0.10733,0.10218,0.10414
0.11214907607124705,0.100967,0.08978492392875295,0.10415,0.10739,0.10316,0.10598
0.11285203607933011,0.1013195,0.0897869639206699,0.10589,0.10761,0.10501,0.10735
0.11367428274861825,0.10169399999999999,0.08971371725138173,0.10737,0.1111,0.10598,0.10859
0.11372798003529647,0.101745,0.08976201996470354,0.10856,0.10883,0.10058,0.10238
0.1141237550667969,0.10213750000000002,0.09015124493320315,0.10237,0.10858,0.10128,0.10589
0.1147744570959843,0.103033,0.0912915429040157,0.10585,0.11279,0.10507,0.11077
0.11476417943008571,0.10377149999999999,0.09277882056991427,0.11075,0.11228,0.10515,0.10805
0.11496627401559643,0.10432699999999999,0.09368772598440354,0.10801,0.1099,0.10726,0.10797
0.11493010790971557,0.1047775,0.09462489209028442,0.10795,0.10879,0.10603,0.10639
0.11382167226717554,0.10528599999999999,0.09675032773282444,0.1064,0.1076,0.09892,0.10306
0.11247518369325353,0.10572699999999999,0.09897881630674644,0.103,0.10568,0.10178,0.10256
0.11195075735480654,0.1058455,0.09974024264519345,0.10254,0.10331,0.09501,0.09869
0.11302289731703066,0.10554649999999999,0.09807010268296931,0.09872,0.10082,0.09484,0.09531
0.11423682829866894,0.104965,0.09569317170133107,0.09527,0.09569,0.08915,0.0933
0.11495449187402355,0.104291,0.09362750812597644,0.09326,0.09555,0.09196,0.093
0.11442887923009117,0.103732,0.09303512076990884,0.09296,0.09868,0.09241,0.09827
0.11440845815226038,0.10288,0.09135154184773962,0.09827,0.10004,0.09151,0.09221
0.11427431488033069,0.102207,0.09013968511966933,0.09222,0.09417,0.08793,0.09357
0.11388030392842363,0.10164900000000002,0.0894176960715764,0.0936,0.09628,0.09155,0.0955
0.11362354107110405,0.10131799999999999,0.08901245892889594,0.09553,0.0981,0.09207,0.09752
0.11410323658983798,0.101474,0.08884476341016201,0.09749,0.11,0.09706,0.1091
0.11349319361360309,0.10117050000000001,0.08884780638639693,0.10912,0.11387,0.09861,0.10128
0.11316429008972684,0.1010685,0.08897270991027317,0.10131,0.10832,0.0997,0.10655
0.11348472798126234,0.10123,0.08897527201873766,0.10652,0.10799,0.10114,0.10561
0.11348602932138656,0.1012305,0.08897497067861344,0.10555,0.10915,0.10355,0.1059
0.11263487494028243,0.10099149999999998,0.08934812505971754,0.1059,0.1089,0.10541,0.10599
0.11211923362590336,0.10081899999999999,0.08951876637409663,0.10597,0.10667,0.10254,0.1046
0.11183461118332752,0.10073499999999999,0.08963538881667246,0.10462,0.10798,0.10401,0.10629
0.1115211031380923,0.10062099999999999,0.08972089686190768,0.10633,0.1073,0.10142,0.10411
0.11133047347721073,0.100491,0.08965152652278927,0.10411,0.10527,0.0985,0.10046
0.11146423221642612,0.10055650000000001,0.08964876778357389,0.10045,0.10499,0.0995,0.10387
0.11266046246609139,0.1010955,0.08953053753390862,0.10387,0.11246,0.10354,0.10947
0.11313494078244145,0.10165900000000001,0.09018305921755858,0.10944,0.11161,0.10171,0.10658
0.11320241019595895,0.102289,0.09137558980404106,0.10662,0.10816,0.10435,0.1059
0.11572033867886947,0.10355299999999998,0.09138566132113049,0.1059,0.119,0.10549,0.11828
0.12308330129299207,0.1053065,0.08752969870700793,0.11826,0.13472,0.11605,0.13334
0.1324477481799247,0.1079955,0.0835432518200753,0.13335,0.15352,0.12,0.14599
0.14217482735452905,0.1110395,0.07990417264547095,0.14593,0.15925,0.141,0.15445
0.15372332059928168,0.114625,0.07552667940071835,0.15451,0.183,0.15,0.16721
0.15957163847312378,0.11748549999999999,0.07539936152687621,0.16722,0.17549,0.14702,0.15473
0.16184414753308585,0.11895199999999999,0.07605985246691412,0.15474,0.16085,0.1123,0.13843
0.16417922465032148,0.12097699999999997,0.07777477534967847,0.13835,0.14559,0.1307,0.14178
0.17072086696196628,0.12389399999999999,0.0770671330380337,0.14178,0.17233,0.13878,0.16489
0.17662074331285058,0.126945,0.07726925668714943,0.16487,0.17136,0.15712,0.16663
0.18275447015742774,0.130252,0.07774952984257227,0.16666,0.17399,0.16011,0.17204
0.1850989234153959,0.1327335,0.08036807658460408,0.17207,0.17456,0.14132,0.15562
0.18723538114605165,0.135426,0.08361661885394833,0.15554,0.15997,0.15065,0.15845
0.18971196320874545,0.1383105,0.08690903679125456,0.15841,0.16842,0.15532,0.16398
0.18943177713670106,0.1404955,0.09155922286329891,0.16395,0.16464,0.146,0.14781
0.1892904630931839,0.143469,0.09764753690681613,0.14779,0.16198,0.14608,0.15993
0.18848297329324115,0.14621199999999998,0.10394102670675881,0.15996,0.16288,0.15301,0.15873
0.1870984055553723,0.148439,0.10977959444462768,0.15875,0.15906,0.15132,0.15401
0.18369739900753618,0.15016999999999997,0.11664260099246375,0.15401,0.1552,0.13756,0.1412
0.1786149210425235,0.15227300000000002,0.12593107895747654,0.14117,0.15025,0.12924,0.14796
0.1750748808276785,0.153453,0.13183111917232151,0.14796,0.14865,0.13906,0.14188
0.17434950270209348,0.153749,0.1331484972979065,0.14188,0.14291,0.13473,0.13926
0.174408772824679,0.15366849999999999,0.13292822717532096,0.13927,0.14736,0.13876,0.14438
0.17438691229405226,0.153649,0.13291108770594776,0.14439,0.15669,0.1429,0.15406
0.17312966853306,0.153227,0.13332433146694,0.15404,0.1588,0.14953,0.15877
0.1730732919745316,0.153181,0.1332887080254684,0.15877,0.16,0.15261,0.15381
0.1743569254317733,0.15466649999999998,0.13497607456822666,0.15385,0.16844,0.14903,0.16814
0.17481802802496757,0.1557455,0.13667297197503245,0.16806,0.17628,0.16052,0.16336
0.17483773410471298,0.155752,0.13666626589528702,0.16339,0.16942,0.15821,0.16502
0.1744728371755884,0.155637,0.1368011628244116,0.16502,0.17082,0.16286,0.16433
0.17261796215948744,0.1551355,0.13765303784051258,0.16421,0.169,0.156,0.16201
0.17250550283114155,0.1549935,0.13748149716885846,0.16196,0.16714,0.1468,0.15278
0.1723458216814181,0.154894,0.1374421783185819,0.15279,0.16124,0.14879,0.15646
0.17226205480173257,0.1535125,0.13476294519826743,0.15645,0.15786,0.1263,0.13635
0.17233360344403986,0.15377400000000002,0.13521439655596018,0.13631,0.15477,0.13132,0.15304
0.1720841205900758,0.15365800000000002,0.13523187940992423,0.15305,0.167,0.15006,0.15761
0.17204803515392714,0.153641,0.13523396484607286,0.15763,0.16242,0.1488,0.15839
0.17208618635349437,0.153674,0.13526181364650564,0.15839,0.16642,0.14936,0.15467
0.17544735422419228,0.1554275,0.13540764577580772,0.15467,0.18057,0.1528,0.17627
0.18268936367600697,0.15756299999999998,0.132436636323993,0.1763,0.19725,0.17304,0.19067
0.1862509907467881,0.1596635,0.13307600925321192,0.19069,0.19389,0.17511,0.18389
0.18821618387930455,0.1617675,0.13531881612069546,0.18389,0.1864,0.17443,0.18134
0.18905808052077486,0.16330300000000003,0.1375479194792252,0.18134,0.18473,0.17,0.17509
0.19057751050076074,0.16447099999999998,0.1383644894992392,0.17505,0.18457,0.16793,0.17742
0.19872715761952836,0.16684,0.13495284238047162,0.1774,0.2096,0.17255,0.20615
0.21098782700093696,0.1704135,0.12983917299906303,0.20625,0.23992,0.19203,0.22528
0.23151920667829612,0.17494300000000002,0.1183667933217039,0.22518,0.26429,0.20696,0.25873
0.2736222912803866,0.1834295,0.09323670871961338,0.25889,0.34772,0.25347,0.33309
0.2935793908791097,0.1901425,0.08670560912089025,0.33311,0.3553,0.2785,0.29928
0.3114786753642108,0.19712049999999998,0.08276232463578916,0.29917,0.32165,0.26175,0.30389
0.3331089669921009,0.20555099999999998,0.07799303300789903,0.30392,0.33851,0.29583,0.33062
0.3448642611941115,0.21298849999999997,0.0811127388058884,0.33062,0.3412,0.27948,0.30153
0.350847293700306,0.2189505,0.087053706299694,0.30154,0.30397,0.2288,0.2757
0.35597939338875023,0.22657699999999997,0.09717460661124971,0.27563,0.31442,0.2628,0.28888
0.36448833564475597,0.23454000000000003,0.10459166435524409,0.28875,0.31587,0.27,0.3123
0.37130720898713176,0.24226,0.11321279101286821,0.31246,0.32455,0.29646,0.31201
0.374749693093256,0.2494345,0.12411930690674397,0.31203,0.33225,0.27739,0.30188
0.38400858363125245,0.2592365,0.1344644163687475,0.30189,0.36696,0.30186,0.35071
0.39904029393845364,0.26946349999999997,0.13988670606154627,0.35057,0.3974,0.34076,0.38081
0.410097851194526,0.2784915,0.146885148805474,0.38077,0.39724,0.36413,0.37123
0.41703667530936994,0.287657,0.15827732469063008,0.37132,0.39001,0.362,0.3672
0.4221807713944805,0.297356,0.17253122860551953,0.3672,0.3769,0.33033,0.37532
0.41477182438167376,0.303994,0.1932161756183262,0.37548,0.37945,0.3,0.30785
0.40747955987371876,0.3125565,0.21763344012628127,0.30786,0.3598,0.28,0.34867
0.4011152601509458,0.3195405,0.23796573984905423,0.34842,0.35763,0.33541,0.34583
0.3956129028781094,0.32594900000000004,0.2562850971218907,0.34575,0.36926,0.33613,0.35345
0.3925260061845352,0.33016650000000003,0.26780699381546486,0.35346,0.36415,0.34034,0.34308
0.3933038696663873,0.330677,0.2680501303336127,0.34284,0.35111,0.32404,0.3433
0.3928556527836977,0.331285,0.2697143472163023,0.34342,0.34396,0.30404,0.31144
0.39371401077606316,0.333295,0.27287598922393685,0.31142,0.35575,0.30431,0.34409
0.39487338559899265,0.33414,0.27340661440100733,0.34409,0.36836,0.3305,0.34752
0.3973575789709649,0.33726350000000005,0.2771694210290352,0.34764,0.37694,0.337,0.364
0.3933942789152591,0.340716,0.28803772108474096,0.36395,0.37752,0.338,0.34475
0.4017806902654756,0.34671,0.29163930973452445,0.34464,0.42411,0.33214,0.40876
0.41511009054342496,0.352344,0.289577909456575,0.40882,0.4559,0.38868,0.42498
0.43030566500350215,0.358838,0.28737033499649783,0.425,0.44961,0.41509,0.44189
0.4404777595434747,0.365711,0.29094424045652534,0.44213,0.45,0.41003,0.43934
0.48238673710652935,0.37513399999999997,0.2678812628934706,0.43903,0.56,0.43638,0.53917
0.5458500974745644,0.3878155,0.22978090252543557,0.53874,0.66706,0.51901,0.63444
0.6016938022377059,0.4023085,0.20292319776229414,0.63444,0.70888,0.58,0.66109
0.6507964504377204,0.41776749999999996,0.1847385495622795,0.66109,0.7238,0.63191,0.67638
0.6992707630072119,0.43428249999999996,0.16929423699278806,0.67674,0.71206,0.6624,0.70562
0.8070786794183955,0.46587300000000004,0.12466732058160457,0.70562,0.95306,0.70555,0.93966
0.8884737885964662,0.49483749999999993,0.10120121140353361,0.94041,0.98,0.86513,0.92796
0.9545432644294247,0.523759,0.09297473557057517,0.9281,0.94825,0.866,0.92426
1.0078807155131,0.551736,0.09559128448689996,0.92418,0.95053,0.82,0.91299
1.0395850090031973,0.576764,0.11394299099680283,0.91303,0.919,0.80666,0.84364
1.0684628566512633,0.6026705,0.1368781433487367,0.84288,0.911,0.6856,0.86143
1.0898020121484533,0.6305985000000001,0.1713949878515469,0.86128,0.90591,0.83334,0.87
1.1105648316870251,0.6579969999999999,0.20542916831297464,0.8699,0.89745,0.8215,0.89206
1.1279114039076636,0.686342,0.24477259609233637,0.89206,0.9578,0.89202,0.91442
1.140881939706886,0.7144325,0.28798306029311416,0.91433,0.9456,0.87851,0.92581
1.178097830243227,0.7529790000000001,0.32786016975677307,0.92597,1.2,0.91329,1.11568
1.2069697519699645,0.787488,0.3680062480300355,1.1156,1.15172,1.0675,1.09894
1.225709906797108,0.8210905000000001,0.4164710932028921,1.09955,1.146,0.831,1.09703
1.2142127111914671,0.8470945000000001,0.47997628880853305,1.09728,1.142,0.81,0.96197
1.2007566812121304,0.8775784999999999,0.5544003187878696,0.96136,1.077,0.8978,1.04902
1.1971353044212996,0.9044655,0.6117956955787005,1.04883,1.177,1.012,1.07691
1.235790935534288,0.9348949999999998,0.6339990644657116,1.07688,1.298,0.99,1.24303
1.2846029874636047,0.9675415,0.6504800125363954,1.24353,1.488,1.2271,1.31402
1.3208999544820705,0.999324,0.6777480455179294,1.314,1.3595,1.154,1.31203
1.3453086132992813,1.0288565,0.7124043867007188,1.31279,1.348,1.23131,1.29627
1.3678855777086563,1.0430135,0.7181414222913439,1.29678,1.29998,1.18,1.2228
1.3858897530222478,1.057271,0.7286522469777523,1.22281,1.26636,1.20865,1.21311
1.3899926912282343,1.0666775,0.7433623087717656,1.21315,1.23052,1.06695,1.11239
1.3963463916350687,1.078982,0.7616176083649315,1.11261,1.1972,1.03374,1.15908
1.391124990734814,1.0932499999999998,0.7953750092651857,1.15907,1.183,1.08493,1.129
1.3840890184507126,1.1066995,0.8293099815492873,1.12901,1.145,1.10562,1.13042
1.3731493999870152,1.1191235,0.8650976000129846,1.13073,1.17835,1.105,1.11848
1.3667124248493696,1.1343805,0.9020485751506304,1.11836,1.22,1.11083,1.1972
1.353356919902942,1.14529,0.9372230800970577,1.19734,1.208,1.115,1.13261
1.3364009121168918,1.1552145,0.9740280878831082,1.13226,1.14,1.1075,1.1243
1.3397624377534152,1.151034,0.9623055622465846,1.12417,1.128,1.02,1.03207
1.3397544258108907,1.151087,0.9624195741891094,1.03207,1.193,0.985,1.1
1.341232578283738,1.148857,0.9564814217162619,1.10016,1.10265,1.0519,1.05243
1.3326650368753765,1.15231,0.9719549631246234,1.05241,1.07078,1.00001,1.03103
1.3407527119442928,1.162321,0.9838892880557071,1.03071,1.28,1.0,1.24924
1.3749531370482273,1.1773254999999998,0.9796978629517723,1.24974,1.43,1.20353,1.377
1.3733938027361445,1.1766365,0.9798791972638556,1.3775,1.47299,1.22154,1.22925
1.3697665881851475,1.1756725,0.9815784118148524,1.22966,1.34286,1.18003,1.29474
1.353823266316108,1.170094,0.9863647336838919,1.29499,1.30974,1.19978,1.20046
1.3387062431796743,1.164561,0.9904157568203256,1.20048,1.24139,1.16,1.18561
1.3325500819037894,1.158496,0.9844419180962104,1.18561,1.20782,1.067,1.1015
1.3266965946084435,1.15366,0.9806234053915563,1.1015,1.1739,1.08145,1.11639
1.3277625642612454,1.1514915000000001,0.9752204357387548,1.11563,1.1639,1.038,1.06902
1.3262910979088869,1.1483174999999999,0.9703439020911129,1.06879,1.1535,1.04584,1.0956
1.3326703084569103,1.1525775,0.9724846915430898,1.09596,1.28755,1.09426,1.2142
1.3349809107858195,1.1548954999999999,0.9748100892141803,1.21419,1.2389,1.15623,1.17678
1.338337738064262,1.158463,0.978588261935738,1.17646,1.22,1.1665,1.18983
1.3388473432411097,1.1587225,0.9785976567588907,1.18983,1.22979,1.178,1.20239
1.3438780011687694,1.1626865,0.9814949988312305,1.2024,1.23555,1.18909,1.21189
1.3467651457511325,1.1660670000000002,0.9853688542488679,1.212,1.21273,1.151,1.19191
1.343049508289643,1.1736520000000001,1.0042544917103573,1.19172,1.20772,1.17171,1.18377
1.3440557707699008,1.178151,1.012246229230099,1.1833,1.24796,1.18026,1.18998
1.3389610006356123,1.1836485,1.028335999364388,1.18998,1.24078,1.15977,1.16238
1.3289633247352435,1.1912,1.0534366752647566,1.16245,1.193,1.152,1.18206
1.324768502004241,1.1893280000000002,1.0538874979957593,1.18205,1.22647,1.16222,1.2118
1.2907425526575496,1.183078,1.0754134473424506,1.21172,1.34359,1.1901,1.252
1.2857899560281025,1.180295,1.0748000439718977,1.25217,1.29,1.1588,1.17359
1.2694265932597721,1.176521,1.0836154067402277,1.17356,1.22502,1.16999,1.21926
1.2695907206763484,1.1765985,1.0836062793236518,1.21896,1.22907,1.19134,1.20201
1.2729092487452658,1.1781915,1.0834737512547343,1.20201,1.25199,1.19157,1.21747
1.2811133560963646,1.186294,1.0914746439036354,1.21753,1.28989,1.199,1.26355
1.301069664980008,1.19619,1.0913103350199922,1.26376,1.348,1.2633,1.31431
1.3406426570825725,1.213362,1.0860813429174276,1.31452,1.4378,1.28138,1.41246
1.3855062344353355,1.231128,1.0767497655646645,1.41246,1.55845,1.348,1.45092
1.4337749805124016,1.244328,1.0548810194875986,1.4514,1.49539,1.41023,1.4782
1.4563039183065953,1.2559835,1.0556630816934045,1.47845,1.51915,1.334,1.40989
1.468645993091359,1.264893,1.0611400069086412,1.40989,1.45805,1.35501,1.36802
1.4702752786577364,1.2686199999999999,1.0669647213422633,1.36861,1.38654,1.07204,1.27693
1.4705822452030337,1.2677505,1.0649187547969663,1.27655,1.32443,1.17122,1.1945
1.4711762198274645,1.2714995,1.0718227801725355,1.19451,1.28241,1.12685,1.26689
1.470524146763162,1.27249,1.0744558532368378,1.26665,1.29,1.19704,1.20358
1.4732617979110085,1.270191,1.0671202020889916,1.20312,1.27984,1.1138,1.144
1.4734979549537097,1.2700049999999998,1.06651204504629,1.14443,1.16895,0.92,1.15866
1.4795776005302135,1.2660455,1.0525133994697864,1.15872,1.198,1.0927,1.10287
1.4864101051616907,1.2600205,1.0336308948383093,1.103,1.14678,1.0183,1.0913
1.4858860350812875,1.2592955,1.0327049649187123,1.091,1.2509,1.0793,1.2375
1.4897090518751912,1.265931,1.0421529481248086,1.2377,1.3333,1.2232,1.3063
1.4967192163367211,1.2718630000000002,1.0470067836632793,1.3063,1.3488,1.2326,1.3379
1.4999412326283839,1.2770775,1.0542137673716163,1.3373,1.4117,1.2661,1.3063
1.5073505379579364,1.283864,1.0603774620420634,1.3066,1.3709,1.2855,1.3532
1.5135300752343723,1.2882665000000002,1.063002924765628,1.353,1.3678,1.3128,1.3516
1.5145189886668613,1.288886,1.0632530113331387,1.3516,1.3556,1.2941,1.3267
1.507281064811927,1.286373,1.065464935188073,1.3267,1.38,1.3208,1.3622
1.484229388588944,1.277317,1.0704046114110561,1.3627,1.3673,1.2557,1.2698
1.4846373924355607,1.277397,1.070156607564439,1.2699,1.497,1.2598,1.4798
1.5496219040910035,1.2893575,1.0290930959089963,1.4799,1.7,1.4288,1.6491
1.609251911704139,1.3036065000000001,0.9979610882958612,1.6491,1.7478,1.526,1.653
1.657332348109946,1.320815,0.9842976518900542,1.6529,1.6543,1.5611,1.6211
1.7344032338988924,1.349405,0.9644067661011075,1.6206,1.833,1.5726,1.7663
1.7723626408394917,1.3681755,0.9639883591605083,1.7662,1.8243,1.517,1.6423
1.828844150233068,1.3961565,0.9634688497669321,1.6418,1.7791,1.5954,1.7632
1.8396189017504252,1.4174265,0.9952340982495747,1.7633,1.821,1.5462,1.5694
1.9176215050872696,1.4559735,0.9943254949127305,1.5669,1.9719,1.5,1.9296
1.9932787754269692,1.5011750000000001,1.0090712245730311,1.9289,2.043,1.8112,2.0069
2.093722969767195,1.55533,1.0169370302328051,2.0073,2.3789,1.9628,2.1744
2.2196273172284124,1.608465,0.9973026827715874,2.1754,2.47,2.0104,2.3002
2.266220955770696,1.6446850000000002,1.0231490442293043,2.3002,2.329,1.9159,2.0307
2.301626974204319,1.6779699999999997,1.0543130257956803,2.0301,2.1492,1.9712,2.0036
2.293447736564111,1.68597,1.0784922634358889,2.0036,2.0317,1.01,1.4663
2.296876906323865,1.7083399999999997,1.1198030936761347,1.4676,1.9487,1.3218,1.8006
2.2878713459671154,1.718225,1.1485786540328842,1.8002,1.87,1.32,1.5493
2.277985376663796,1.7250349999999997,1.1720846233362034,1.5493,1.602,1.3661,1.4629
2.2826196563908745,1.7226200000000003,1.1626203436091258,1.4636,1.5397,1.051,1.3139
2.2618716550603435,1.73663,1.2113883449396563,1.3135,1.5974,1.2476,1.55
2.2589703283143225,1.7403000000000002,1.2216296716856778,1.5497,1.6499,1.4354,1.5532
2.263914019799973,1.7468,1.2296859802000268,1.5525,1.832,1.552,1.7791
2.263940936262652,1.7469100000000002,1.2298790637373482,1.7788,1.7885,1.6077,1.6552
2.2662633722657626,1.74152,1.2167766277342373,1.6552,1.678,1.45,1.5133
2.269221704610836,1.72335,1.177478295389164,1.5133,1.5624,1.335,1.4029
2.2687817403859065,1.71999,1.1711982596140933,1.4035,1.7,1.3457,1.5751
2.267179566687833,1.7186950000000003,1.1702104333121675,1.5751,1.75,1.5249,1.7373
2.271020635878272,1.7270400000000001,1.1830593641217282,1.7376,1.7796,1.6531,1.7363
2.254043774012068,1.7182300000000001,1.1824162259879323,1.7362,1.8042,1.7173,1.7534
2.232335405669997,1.7101499999999998,1.1879645943300026,1.7534,1.8897,1.7134,1.8453
2.1611690950320623,1.686815,1.2124609049679373,1.8454,1.848,1.608,1.7077
2.030903367292777,1.65456,1.2782166327072229,1.708,1.7823,1.61,1.6551
1.9695053375163982,1.6368800000000001,1.304254662483602,1.6555,1.7077,1.6451,1.6771
1.9002515639265132,1.614995,1.3297384360734867,1.6771,1.7414,1.55,1.5659
1.8979147585866682,1.620775,1.343635241413332,1.5659,1.5966,1.4,1.5819
1.8761388389129228,1.6121399999999997,1.3481411610870766,1.5818,1.635,1.4827,1.6279
1.8762421778790361,1.611315,1.346387822120964,1.6282,1.6378,1.5064,1.5328
1.8782260312394374,1.6100249999999998,1.3418239687605622,1.5328,1.5474,1.4192,1.4371
1.8566106843216217,1.6182750000000001,1.3799393156783786,1.4368,1.4934,1.3562,1.4789
1.8565606214706363,1.618605,1.3806493785293639,1.4789,1.58,1.4001,1.5566
1.8566075304677532,1.61979,1.382972469532247,1.5563,1.595,1.5056,1.5769
1.8346260688937832,1.608595,1.3825639311062168,1.5769,1.6109,1.5441,1.5552
1.8314748459760744,1.6000900000000002,1.3687051540239261,1.555,1.5754,1.474,1.4851
1.8327543165975082,1.598555,1.3643556834024917,1.4851,1.5388,1.4568,1.4826
1.8311330114818736,1.5992250000000001,1.3673169885181267,1.4825,1.4927,1.374,1.4163
1.8407327264467919,1.589665,1.3385972735532083,1.4164,1.4411,1.3834,1.3839
1.8252061956368024,1.574115,1.3230238043631974,1.384,1.46,1.306,1.4263
1.8424531453171382,1.546,1.2495468546828619,1.4262,1.4371,1.1672,1.174
1.8432537230352728,1.516165,1.1890762769647272,1.1738,1.2634,1.0001,1.1567
1.7950790866287798,1.48646,1.17784091337122,1.1563,1.31,1.108,1.2512
1.7640813117252505,1.469095,1.1741086882747496,1.2513,1.3998,1.2006,1.3604
1.74548608067234,1.448945,1.1524039193276598,1.3604,1.3971,1.2431,1.2521
1.7161978174632166,1.427695,1.1391921825367832,1.252,1.2923,1.1968,1.2521
1.6997778595271753,1.4163000000000001,1.132822140472825,1.252,1.3499,1.241,1.338
1.678484444016426,1.403505,1.128525555983574,1.3379,1.3506,1.3042,1.326
1.6447777316645509,1.39076,1.1367422683354491,1.3261,1.42,1.319,1.373
1.6284458626873262,1.383385,1.138324137312674,1.3731,1.3993,1.2825,1.3853
1.6228411797992355,1.378095,1.1333488202007647,1.3853,1.3862,1.302,1.3313
1.6141796953367842,1.3738800000000002,1.1335803046632162,1.3312,1.3959,1.285,1.3946
1.5913728722806306,1.3662750000000001,1.1411771277193696,1.3947,1.4444,1.3579,1.4045
1.568106363701037,1.360505,1.152903636298963,1.4045,1.4955,1.3815,1.4615
1.5407525874375942,1.35294,1.1651274125624058,1.4615,1.4616,1.3764,1.4039
1.5294005023730397,1.34947,1.1695394976269602,1.4039,1.4578,1.3888,1.4157
1.5164337546208901,1.34554,1.1746462453791098,1.4156,1.4416,1.4,1.404
1.5088218252111647,1.341075,1.1733281747888353,1.404,1.4065,1.3194,1.327
1.5060114926218722,1.3394,1.1727885073781277,1.3268,1.3746,1.2859,1.3504
1.496376678248139,1.3348650000000002,1.1733533217518615,1.3504,1.366,1.3158,1.3356
1.486267005855898,1.3435899999999998,1.2009129941441017,1.3356,1.3669,1.3231,1.3485
1.4651823503530395,1.351385,1.2375876496469607,1.3485,1.3736,1.2916,1.3126
1.463456315167424,1.352075,1.2406936848325758,1.3126,1.3216,1.25,1.265
1.4653149667333867,1.34723,1.2291450332666132,1.2649,1.2894,1.198,1.2635
1.4689427893297786,1.345915,1.2228872106702213,1.2634,1.29,1.205,1.2258
1.4820969626277867,1.34185,1.2016030373722133,1.2258,1.245,1.1655,1.1708
1.493062696234065,1.333555,1.1740473037659351,1.1705,1.1948,1.1497,1.1721
1.49978648515978,1.32632,1.15285351484022,1.1721,1.2186,1.1666,1.1813
1.5080040623393791,1.313795,1.119585937660621,1.1814,1.1921,1.1156,1.1225
1.5201706660265097,1.297225,1.0742793339734904,1.1226,1.1362,1.0202,1.0539
1.518429156584953,1.289215,1.060000843415047,1.0541,1.2222,1.0366,1.1711
1.506803263409787,1.278765,1.0507267365902129,1.1711,1.2081,1.1492,1.1856
1.4910256493035456,1.2689249999999999,1.046824350696454,1.1857,1.2089,1.1465,1.2077
1.4605773904350814,1.257485,1.0543926095649185,1.2075,1.2487,1.1964,1.2327
1.439987994442379,1.24871,1.057432005557621,1.2332,1.2388,1.19,1.2284
1.4151898953611268,1.24068,1.0661701046388732,1.2283,1.3991,1.2221,1.2551
1.392588774825212,1.2344750000000002,1.0763612251747885,1.2549,1.3158,1.2136,1.2799
1.3866855341702733,1.2325,1.0783144658297266,1.2797,1.32,1.2573,1.2875
1.375534326271974,1.22926,1.0829856737280261,1.2875,1.2987,1.256,1.2856
1.370879277096854,1.2280200000000001,1.0851607229031461,1.2856,1.3179,1.2467,1.3108
1.3647556264065503,1.22656,1.0883643735934498,1.3109,1.3329,1.287,1.3193
1.3650470335906835,1.2266400000000002,1.0882329664093169,1.3193,1.3879,1.2984,1.3142
1.3710401866304311,1.228805,1.0865698133695687,1.3145,1.35,1.2927,1.3083
1.3891333653017435,1.23411,1.0790866346982566,1.3082,1.3827,1.2613,1.3696
1.4091175363188149,1.241645,1.0741724636811854,1.3697,1.3938,1.323,1.3765
1.4281393883896925,1.2524000000000002,1.076660611610308,1.3766,1.3974,1.338,1.3859
1.447526152861023,1.2639200000000002,1.0803138471389773,1.3859,1.425,1.3613,1.4025
1.4798776168251926,1.2784900000000001,1.0771023831748077,1.4027,1.485,1.3945,1.4727
1.4911690667484927,1.29364,1.096110933251507,1.4726,1.4941,1.407,1.4255
1.4933930035557939,1.31467,1.1359469964442062,1.4256,1.499,1.3933,1.4745
1.5695559815491138,1.340015,1.1104740184508861,1.4745,1.701,1.457,1.678
1.6654575268133656,1.370405,1.0753524731866346,1.678,1.895,1.67,1.7934
1.7513676919637908,1.40164,1.0519123080362092,1.7934,1.869,1.6792,1.8324
1.9181052129580687,1.4469349999999999,0.975764787041931,1.833,2.1495,1.8212,2.1386
2.0586532621282627,1.494905,0.9311567378717374,2.1386,2.25,2.0835,2.1878
2.1665603015917196,1.5404849999999999,0.9144096984082802,2.1875,2.2499,2.03,2.1667
2.2361250526153356,1.58006,0.9239949473846646,2.1667,2.2,2.0463,2.0714
2.2699290738379263,1.61188,0.9538309261620739,2.0717,2.1414,1.9059,1.9239
2.327061730647972,1.652815,0.978568269352028,1.924,2.1643,1.87,2.1043
2.4491637198672667,1.70933,0.9694962801327336,2.1045,2.455,2.0462,2.4411
2.552922984043719,1.76615,0.9793770159562811,2.4411,2.5817,2.3666,2.4557
2.632537407807221,1.8221450000000001,1.0117525921927795,2.4557,2.5288,2.3805,2.4341
2.754918608269183,1.891975,1.029031391730817,2.4347,2.7212,2.4306,2.7049
2.908668056339467,1.969255,1.029841943660533,2.705,2.9719,2.6849,2.9152
2.9891553072444395,2.036365,1.0835746927555605,2.9152,2.947,2.5872,2.7187
3.05449265272545,2.10402,1.1535473472745497,2.7191,2.797,2.6,2.739
3.0682056111228575,2.160295,1.2523843888771427,2.7389,2.785,2.47,2.528
3.146036611278961,2.23396,1.3218833887210395,2.529,2.9473,2.494,2.946
3.172290215942202,2.305035,1.4377797840577984,2.947,2.95,2.772,2.847
3.179913012230786,2.37386,1.567806987769214,2.847,2.935,2.719,2.851
3.177224672763119,2.4266599999999996,1.6760953272368802,2.85,2.884,2.72,2.734
3.177714626085275,2.47534,1.772965373914725,2.735,2.881,2.702,2.767
3.1810953815471517,2.52717,1.8732446184528482,2.768,2.904,2.72,2.869
3.222587032987051,2.5682400000000003,1.9138929670129494,2.87,3.101,2.834,2.96
3.258788638962948,2.60715,1.9555113610370518,2.96,3.03,2.9,2.966
3.2645069282265418,2.640315,2.0161230717734586,2.965,2.967,2.8,2.83
3.256165432684394,2.682245,2.108324567315606,2.831,2.956,2.813,2.91
3.179804771276014,2.7277,2.275595228723986,2.911,2.927,2.8,2.833
3.1093356073065714,2.748185,2.3870343926934283,2.833,2.875,2.0,2.514
3.105804203977433,2.7496300000000002,2.3934557960225673,2.514,2.564,2.2,2.47
3.0990484414772084,2.752745,2.4064415585227916,2.47,2.623,2.39,2.518
3.1069871613056925,2.75019,2.3933928386943073,2.518,2.586,2.269,2.383
3.106671463875677,2.746845,2.387018536124323,2.384,2.8,2.367,2.638
3.0880774609744304,2.7301349999999998,2.372192539025569,2.637,2.789,2.501,2.581
3.1012204188542225,2.7143,2.327379581145778,2.58,2.593,2.309,2.402
3.1090601971623513,2.69715,2.285239802837649,2.401,2.438,2.32,2.396
3.1100216114369554,2.696,2.281978388563045,2.396,2.582,2.355,2.505
3.083914434055986,2.66955,2.2551855659440143,2.504,2.56,2.381,2.417
3.0736125048796277,2.6447,2.215787495120372,2.417,2.442,2.313,2.35
3.054694955100452,2.6207000000000003,2.1867050448995484,2.35,2.439,2.31,2.371
3.0536900612113413,2.59815,2.1426099387886586,2.371,2.397,2.259,2.283
3.0670117295414627,2.5637499999999998,2.0604882704585368,2.283,2.293,1.97,2.079
3.0634027506173167,2.5196,1.9757972493826834,2.08,2.229,1.9101,1.986
2.9984585909583217,2.48445,1.9704414090416777,1.986,2.268,1.967,2.257
2.917587880773212,2.4524999999999997,1.9874121192267873,2.257,2.346,2.179,2.327
2.860247108517358,2.42485,1.9894528914826424,2.327,2.345,2.063,2.277
2.767691257747995,2.39435,2.0210087422520053,2.277,2.459,2.235,2.3
2.6826434753302966,2.36305,2.043456524669703,2.299,2.301,2.147,2.207
2.6713022223084613,2.34385,2.016397777691539,2.206,2.277,2.128,2.13
2.671089124296881,2.3221999999999996,1.9733108757031181,2.129,2.173,2.029,2.037
2.653606482248133,2.2996000000000003,1.9455935177518675,2.037,2.15,2.02,2.066
2.6471353929649326,2.2862,1.9252646070350674,2.066,2.137,2.051,2.115
2.587841181115197,2.2671,1.9463588188848033,2.115,2.275,2.092,2.256
2.535078507498534,2.2504,1.9657214925014663,2.255,2.322,2.192,2.247
2.5184647387396764,2.24285,1.9672352612603232,2.247,2.309,2.221,2.251
2.499338113235895,2.2325999999999997,1.9658618867641042,2.251,2.253,2.15,2.191
2.4529851547248094,2.2190000000000003,1.9850148452751912,2.191,2.258,2.175,2.233
2.4232187807547265,2.2085999999999997,1.9939812192452726,2.232,2.251,2.111,2.209
2.411909082500181,2.205,1.9980909174998192,2.209,2.375,2.15,2.278
2.390749145709261,2.1982999999999997,2.0058508542907383,2.278,2.313,2.213,2.237
2.388721980990425,2.19755,2.006378019009575,2.238,2.3,2.22,2.268
2.3860144486606574,2.20305,2.020085551339343,2.269,2.277,2.16,2.189
2.36531613262045,2.2123,2.0592838673795497,2.189,2.25,2.107,2.171
2.36239142933102,2.20535,2.04830857066898,2.171,2.173,2.071,2.118
2.3447823513476713,2.1985,2.052217648652329,2.117,2.2,2.078,2.19
2.3351408030846748,2.19325,2.051359196915325,2.189,2.225,2.155,2.172
2.322537090040557,2.1891499999999997,2.0557629099594426,2.172,2.243,2.136,2.218
2.320935861427648,2.1877500000000003,2.0545641385723528,2.217,2.25,2.169,2.179
2.320353778828818,2.18915,2.057946221171182,2.178,2.189,2.089,2.158
2.3078966908913756,2.1937,2.079503309108625,2.158,2.176,2.105,2.128
2.3010773439682923,2.1959,2.0907226560317076,2.127,2.157,2.093,2.11
2.29779548813939,2.1996499999999997,2.1015045118606093,2.11,2.208,2.092,2.19
2.291890148503666,2.1937,2.0955098514963346,2.19,2.298,2.131,2.137
2.2853543329805084,2.18915,2.092945667019492,2.136,2.21,2.125,2.156
2.277023258392526,2.1849,2.092776741607474,2.157,2.175,2.131,2.166
2.277851486217153,2.18135,2.0848485137828474,2.167,2.169,2.093,2.12
2.2715637261713564,2.1769,2.0822362738286433,2.119,2.178,2.114,2.144
2.2682993905798368,2.1733000000000002,2.0783006094201637,2.145,2.202,2.122,2.137
2.2952899253614056,2.155,2.014710074638594,2.138,2.156,1.804,1.912
2.295959063631121,2.1425,1.9890409363688792,1.912,2.058,1.905,1.987
2.2814495764471707,2.1298500000000002,1.9782504235528298,1.987,2.048,1.979,2.015
2.2857978451994363,2.11815,1.9505021548005637,2.016,2.019,1.924,1.955
2.286879047526985,2.1078,1.9287209524730153,1.957,2.029,1.918,1.964
2.2918485577526657,2.0993500000000003,1.9068514422473346,1.965,2.019,1.911,1.949
2.284075779099842,2.0884,1.8927242209001582,1.949,1.996,1.933,1.971
2.2748572966990315,2.08295,1.8910427033009685,1.971,2.144,1.95,2.063
2.256970203264859,2.0712,1.8854297967351412,2.063,2.103,1.933,1.983
2.2439168154547193,2.06135,1.8787831845452807,1.983,2.017,1.959,1.982
2.2319866999202,2.0537,1.8754133000798,1.982,2.04,1.942,2.005
2.223645569944365,2.04835,1.8730544300556353,2.004,2.035,1.974,2.021
2.225630182300853,2.0491,1.8725698176991472,2.02,2.14,2.008,2.125
2.245944524232165,2.0530999999999997,1.8602554757678342,2.126,2.378,2.105,2.27
2.241089362583149,2.0511,1.861110637416851,2.269,2.331,1.932,2.097
2.231317350373983,2.04725,1.8631826496260169,2.097,2.153,2.058,2.079
2.216582409248187,2.0412,1.8658175907518124,2.079,2.099,1.991,2.045
2.2092122828193634,2.0377,1.8661877171806367,2.046,2.08,2.021,2.05
2.1965879096864778,2.0324999999999998,1.868412090313522,2.05,2.07,2.009,2.04
2.183104093513796,2.0265,1.869895906486204,2.04,2.095,2.011,2.017
2.1878349291826904,2.0246000000000004,1.8613650708173106,2.018,2.018,1.759,1.874
2.1947404874158973,2.01905,1.8433595125841025,1.874,1.893,1.795,1.876
2.2119180183723244,2.0076,1.8032819816276755,1.877,1.907,1.701,1.786
2.2162515193998167,2.003,1.7897484806001835,1.786,1.894,1.754,1.863
2.2165819295556695,2.0009,1.7852180704443308,1.862,1.956,1.86,1.922
2.2223763516232635,1.9951999999999999,1.7680236483767362,1.921,1.924,1.832,1.835
2.2328384437585513,1.9854500000000002,1.738061556241449,1.835,1.839,1.757,1.776
2.235334879141254,1.9698499999999999,1.7043651208587458,1.776,1.816,1.738,1.751
2.252034967923695,1.954,1.6559650320763049,1.751,1.754,1.586,1.666
2.2612259967577026,1.9386500000000002,1.6160740032422978,1.665,1.749,1.619,1.675
2.2830525600597653,1.9150500000000001,1.5470474399402347,1.676,1.685,1.495,1.533
2.2908984867158275,1.89115,1.4914015132841727,1.532,1.585,1.531,1.543
2.269454437779171,1.8646,1.4597455622208289,1.543,1.6,1.416,1.594
2.204278043494617,1.8311500000000003,1.4580219565053836,1.595,1.636,1.557,1.601
2.174692098080014,1.8039999999999998,1.4333079019199855,1.602,1.629,1.544,1.554
2.1412090150809284,1.77745,1.4136909849190713,1.553,1.622,1.531,1.548
2.1029848477816597,1.76115,1.41931515221834,1.547,1.76,1.517,1.719
2.0613768581664353,1.73645,1.4115231418335648,1.72,1.729,1.509,1.556
2.0267208154223186,1.7054500000000001,1.3841791845776814,1.557,1.558,1.188,1.42
1.9913927326531715,1.6735,1.3556072673468285,1.419,1.435,1.284,1.378
1.9732156193160684,1.6507999999999998,1.3283843806839313,1.378,1.442,1.255,1.42
1.951985490889181,1.6259000000000001,1.2998145091108193,1.42,1.479,1.365,1.378
1.9387577020399562,1.6064,1.2740422979600439,1.378,1.423,1.337,1.396
1.915842978167857,1.5776999999999999,1.2395570218321428,1.396,1.409,1.287,1.289
1.8773698179043223,1.54215,1.2069301820956775,1.288,1.334,1.207,1.211
1.8332740705338242,1.5181,1.2029259294661758,1.211,1.362,1.192,1.354
1.7959680361238481,1.4966000000000002,1.1972319638761522,1.354,1.415,1.319,1.346
1.7682283278659003,1.4702,1.1721716721340996,1.345,1.357,1.2,1.223
1.7465849559361635,1.4502,1.1538150440638364,1.223,1.284,1.198,1.266
1.7146476325932076,1.432,1.1493523674067923,1.267,1.331,1.204,1.311
1.708209542879771,1.41735,1.1264904571202292,1.311,1.331,1.236,1.24
1.698640019422453,1.4011,1.1035599805775471,1.24,1.259,1.182,1.218
1.6745688108190193,1.3835000000000002,1.092431189180981,1.218,1.267,1.2,1.242
1.6441113812283144,1.3656000000000001,1.087088618771686,1.242,1.312,1.24,1.243
1.6190452791425063,1.34975,1.0804547208574937,1.244,1.261,1.201,1.237
1.5903456692544566,1.33635,1.0823543307455432,1.238,1.289,1.227,1.28
1.495884615656314,1.31675,1.1376153843436863,1.279,1.369,1.276,1.327
1.4715764498464419,1.3127,1.153823550153558,1.327,1.49,1.307,1.475
1.4666496565477156,1.3113000000000001,1.1559503434522846,1.475,1.491,1.381,1.392
1.4802481387745123,1.315,1.1497518612254876,1.393,1.46,1.381,1.452
1.4873352156240194,1.31675,1.1461647843759808,1.453,1.467,1.407,1.455
1.5146135126350428,1.32365,1.1326864873649571,1.455,1.594,1.45,1.516
1.5151406578730209,1.32385,1.132559342126979,1.516,1.54,1.376,1.4
1.5166067873094777,1.326,1.1353932126905224,1.4,1.438,1.323,1.332
1.5165541197433647,1.3334000000000001,1.1502458802566355,1.333,1.378,1.297,1.359
1.5143202011386367,1.3311,1.1478797988613632,1.359,1.383,1.281,1.308
1.517229247594953,1.3328,1.148370752405047,1.308,1.38,1.306,1.38
1.5183698518876811,1.3405,1.162630148112319,1.379,1.391,1.342,1.377
1.5178982700765766,1.34315,1.1684017299234235,1.378,1.378,1.31,1.319
1.5178780057055123,1.3430499999999999,1.1682219942944874,1.319,1.352,1.295,1.309
1.5186713397513452,1.34255,1.1664286602486547,1.31,1.353,1.193,1.23
1.514576362032375,1.34565,1.1767236379676251,1.23,1.297,1.186,1.28
1.5176514491814916,1.34405,1.1704485508185083,1.279,1.285,1.189,1.21
1.5241007575742433,1.3409499999999999,1.1577992424257564,1.209,1.254,1.124,1.181
1.5309248152993962,1.3376,1.1442751847006036,1.182,1.206,1.147,1.17
1.5444869259546212,1.3297500000000002,1.1150130740453792,1.17,1.181,1.069,1.123
1.546790292428836,1.3227499999999999,1.0987097075711638,1.123,1.196,1.122,1.187
1.526870334095138,1.3146,1.102329665904862,1.188,1.314,1.186,1.312
1.5186244522839296,1.3066499999999999,1.0946755477160701,1.312,1.354,1.227,1.233
1.499301858753095,1.2986499999999999,1.0979981412469046,1.232,1.309,1.22,1.292
1.4771154479910613,1.2904499999999999,1.1037845520089384,1.293,1.319,1.251,1.291
1.4495414135291886,1.28515,1.1207585864708114,1.292,1.422,1.286,1.41
1.5076275523188258,1.2953000000000001,1.0829724476811744,1.411,1.607,1.386,1.603
1.5256652160703466,1.3016,1.0775347839296536,1.602,1.638,1.411,1.458
1.5235926170663052,1.3005,1.0774073829336948,1.458,1.534,1.326,1.337
1.5218708635212272,1.29805,1.0742291364787726,1.336,1.427,1.251,1.259
1.518811439348613,1.28505,1.051288560651387,1.259,1.282,1.101,1.12
1.5177914863432886,1.26975,1.0217085136567112,1.12,1.155,0.917,1.071
1.5151193735035846,1.26,1.0048806264964154,1.071,1.17,1.051,1.124
1.5160517278112178,1.2478,0.9795482721887823,1.124,1.125,0.951,1.065
1.5219183496674318,1.23845,0.9549816503325683,1.066,1.074,0.991,1.043
1.5199241994146404,1.2283,0.9366758005853595,1.043,1.157,1.022,1.077
1.5231885719817948,1.2199,0.9166114280182052,1.078,1.08,1.004,1.042
1.525820244736693,1.21325,0.9006797552633067,1.042,1.059,1.008,1.048
1.5273650220399613,1.2077,0.8880349779600387,1.049,1.084,1.037,1.059
1.530214184780266,1.2033,0.8763858152197341,1.059,1.077,1.024,1.035
1.5304243532362232,1.1965,0.8625756467637766,1.035,1.06,1.006,1.051
1.5178629910625179,1.1857,0.853537008937482,1.052,1.096,1.034,1.096
1.5140986861504182,1.1754,0.8367013138495818,1.096,1.103,1.022,1.027
1.5015601061405968,1.16385,0.8261398938594033,1.027,1.062,1.016,1.061
1.4886737267024084,1.1562,0.8237262732975913,1.061,1.139,1.045,1.138
1.452317167959802,1.14195,0.8315828320401981,1.138,1.178,1.097,1.125
1.3410978644602058,1.11895,0.8968021355397939,1.125,1.15,1.097,1.143
1.2665975683109432,1.106,0.9454024316890571,1.142,1.209,1.125,1.199
1.221709486611473,1.09795,0.9741905133885269,1.198,1.263,1.133,1.176
1.2033581803646707,1.09475,0.986141819635329,1.176,1.215,1.152,1.195
1.2071313970445263,1.09625,0.9853686029554735,1.194,1.225,1.143,1.15
1.2072051065259626,1.09665,0.9860948934740371,1.15,1.164,1.068,1.079
1.2043905638474617,1.0934,0.9824094361525381,1.079,1.092,1.029,1.059
1.2049431091155307,1.0922500000000002,0.9795568908844696,1.058,1.076,1.032,1.042
1.2047218137033242,1.09255,0.9803781862966756,1.043,1.055,1.018,1.049
1.2061485938219643,1.09405,0.9819514061780358,1.05,1.115,1.049,1.107
1.205637696197677,1.09605,0.986462303802323,1.108,1.112,1.066,1.082
1.2074894761084998,1.0946500000000001,0.9818105238915005,1.083,1.094,1.008,1.02
1.2119183404577785,1.09145,0.9709816595422216,1.019,1.043,0.983,0.995
1.214974258211411,1.0895,0.9640257417885889,0.996,1.019,0.973,0.996
1.226919150156451,1.0835000000000001,0.9400808498435493,0.997,0.998,0.919,0.931
1.2470730467266025,1.0715,0.8959269532733973,0.931,0.993,0.851,0.856
1.2576678805535453,1.06455,0.8714321194464548,0.856,0.897,0.813,0.888
1.2673817242231888,1.0548,0.8422182757768111,0.888,0.96,0.863,0.866
1.2673803098655556,1.04055,0.8137196901344446,0.866,0.899,0.746,0.853
1.2609027133385382,1.0292000000000001,0.7974972866614619,0.852,0.91,0.823,0.898
1.2499099682308608,1.0164,0.7828900317691391,0.898,0.93,0.881,0.887
1.2265942786890651,0.99925,0.7719057213109347,0.886,0.915,0.832,0.856
1.200489887207419,0.98855,0.7766101127925811,0.857,0.97,0.842,0.962
1.1654079807976718,0.9769500000000001,0.7884920192023284,0.962,1.011,0.939,0.963
1.136830291352641,0.9663999999999999,0.7959697086473588,0.964,0.977,0.927,0.939
1.1216043645119458,0.9576,0.7935956354880542,0.938,0.946,0.883,0.903
1.111054333554004,0.9468500000000001,0.7826456664459962,0.902,0.903,0.826,0.844
1.0997171816304265,0.9379500000000001,0.7761828183695736,0.844,0.883,0.818,0.864
1.0873252527370816,0.9266499999999999,0.7659747472629181,0.865,0.872,0.819,0.823
1.0582305772024012,0.91095,0.7636694227975989,0.822,0.847,0.777,0.793
1.028120399420869,0.89695,0.7657796005791311,0.793,0.821,0.787,0.802
1.0075397233681123,0.8884000000000001,0.7692602766318879,0.802,0.863,0.799,0.849
0.9922468194047095,0.8789999999999999,0.7657531805952903,0.849,0.854,0.785,0.807
0.9745759654977375,0.8686,0.7626240345022626,0.806,0.819,0.782,0.788
0.9688910708824663,0.8615,0.7541089291175338,0.788,0.802,0.786,0.789
0.9705830687467737,0.858,0.7454169312532263,0.789,0.821,0.78,0.786
0.9680146166461974,0.8536999999999999,0.7393853833538024,0.787,0.816,0.776,0.802
0.967007122649739,0.8503999999999999,0.7337928773502609,0.803,0.817,0.781,0.8
0.9663796020725666,0.8496500000000001,0.7329203979274337,0.8,0.84,0.792,0.838
0.9611169823001751,0.8465,0.731883017699825,0.839,0.858,0.827,0.835
0.9577590902791835,0.8447000000000001,0.7316409097208167,0.835,0.86,0.82,0.851
0.9630145590143304,0.84705,0.7310854409856695,0.851,0.916,0.85,0.903
0.9468633538675437,0.8429,0.7389366461324562,0.902,0.916,0.864,0.879
0.9349685942407062,0.8406,0.7462314057592938,0.879,0.93,0.863,0.917
0.9456287189742871,0.8424000000000001,0.7391712810257132,0.917,0.988,0.907,0.975
1.0085086066381246,0.85265,0.6967913933618755,0.975,1.11,0.957,1.108
1.0662998270261452,0.867,0.6677001729738549,1.108,1.19,1.076,1.131
1.1026360873187007,0.8785999999999999,0.6545639126812992,1.13,1.167,1.072,1.096
1.1483054150717766,0.8950500000000001,0.6417945849282236,1.096,1.16,1.079,1.152
1.1937305297376102,0.9145999999999999,0.6354694702623896,1.152,1.186,1.104,1.184
1.2288911606442283,0.933,0.6371088393557718,1.184,1.246,1.157,1.17
1.264501620459228,0.9501,0.6356983795407718,1.17,1.243,1.166,1.191
1.29326276195242,0.9692000000000001,0.6451372380475802,1.191,1.218,1.161,1.189
1.307796150590668,0.9868500000000001,0.6659038494093323,1.189,1.228,1.133,1.141
1.3218126996209376,1.00565,0.6894873003790623,1.141,1.175,1.104,1.165
1.3291645488210468,1.0241,0.7190354511789532,1.165,1.195,1.145,1.155
1.3376561037068777,1.0433,0.7489438962931221,1.156,1.2,1.142,1.186
1.343878871383312,1.0638999999999998,0.7839211286166876,1.186,1.245,1.16,1.212
1.3430236377740372,1.0805500000000001,0.8180763622259629,1.212,1.219,1.163,1.171
1.3277782873634185,1.0914,0.8550217126365814,1.17,1.173,1.047,1.052
1.3109364231307867,1.1033,0.8956635768692132,1.052,1.101,1.038,1.089
1.298654850217342,1.10935,0.9200451497826581,1.089,1.1,1.019,1.024
1.276543907007888,1.1176499999999998,0.9587560929921117,1.025,1.047,1.021,1.045
1.258700767339535,1.12315,0.9875992326604652,1.044,1.07,1.023,1.027
