3203.04,[[3202.844]],[[0.05880457]],short,profit,0.015310455067685688,3154.0,profit,137.79357307950391,[[101.489716]],"[[1.15310455 1.         1.         1.        ]
 [1.02687692 1.         1.         1.        ]
 [1.         1.10083731 1.         1.        ]
 [1.         1.         1.         1.20946573]
 [1.         1.         1.         1.46597714]
 [1.         1.         1.23200191 1.        ]
 [1.         1.05925194 1.         1.        ]
 [1.         1.53554041 1.         1.        ]
 [1.         1.         1.93773728 1.        ]
 [1.         1.         1.         1.23125438]
 [1.         1.         1.25385313 1.        ]
 [1.         1.56603774 1.         1.        ]
 [1.         1.53149606 1.         1.        ]
 [1.         1.         1.         1.19592163]
 [1.3121275  1.         1.         1.        ]
 [1.         1.         1.         1.38808664]
 [1.         1.         1.         4.77935731]]",42158.85,[[42133.848]],[[0.05883585]],short,profit,0.002687691908104649,42045.54,111.07,[[111.07206]],[[0.05880207]],long,lose,0.010083730980462684,109.95,0.7543,[[0.7545212]],[[0.05881822]],long,profit,0.02094657298157237,0.7701,91.85,[[91.86645]],[[0.0588115]],long,profit,0.046597713663581945,96.13,418.1,[[417.97845]],[[0.05881807]],short,lose,0.023200191341784235,427.8,81.01,[[81.01028]],[[0.05880117]],long,lose,0.005925194420441969,80.53,1.027,[[1.0281146]],[[0.05886479]],long,lose,0.05355404089581299,0.972,15.804,[[15.803728]],[[0.05880198]],short,lose,0.09377372817008359,17.286,1.427,[[1.4281938]],[[0.05885017]],long,profit,0.0231254379817799,1.46,110.3,[[110.29975]],[[0.05880111]],short,lose,0.0253853127833182,113.1,26.5,[[26.502758]],[[0.05880709]],long,lose,0.05660377358490566,25.0,15.24,[[15.2540865]],[[0.05885532]],long,lose,0.05314960629921263,14.43,0.7503,[[0.75044596]],[[0.05881241]],long,profit,0.019592163134746165,0.765,2.2651,[[2.2650826]],[[0.05880142]],short,profit,0.031212749988962955,2.1944,2.8808,[[2.8817]],[[0.05881935]],long,profit,0.03880866425992784,2.9926,12.0711,[[12.090392]],[[0.05889495]],long,profit,0.37793573079503934,16.6332
3154.0,[[3149.8118]],[[0.05662959]],short,profit,0.023855421686746918,3078.76,lose,142.7591072445311,[[101.24748]],"[[1.39165877 1.         1.         1.        ]
 [1.19315615 1.         1.         1.        ]
 [1.32833106 1.10083731 1.         1.        ]
 [1.18958577 1.         1.         1.20946573]
 [1.12795173 1.         1.         1.46597714]
 [1.1542777  1.         1.23200191 1.        ]
 [1.         1.32871674 1.         1.        ]
 [1.24691358 1.53554041 1.         1.        ]
 [1.         1.13826218 1.93773728 1.        ]
 [1.         1.2739726  1.         1.23125438]
 [1.         1.07073386 1.25385313 1.        ]
 [1.         1.81003774 1.         1.        ]
 [1.         1.89185642 1.         1.        ]
 [1.         1.3254902  1.         1.19592163]
 [1.3121275  1.34770324 1.         1.        ]
 [1.         1.35721446 1.         1.38808664]
 [1.30565375 1.         1.         4.77935731]]",42045.54,[[42017.707]],[[0.05659193]],short,profit,0.01662792296162678,41346.41,109.95,[[108.64663]],[[0.05447818]],short,profit,0.03283310595725329,106.34,0.7701,[[0.767868]],[[0.06209552]],short,profit,0.0189585768082068,0.7555,96.13,[[95.429855]],[[0.0677309]],short,profit,0.012795173202954226,94.9,427.8,[[426.02084]],[[0.05678969]],short,profit,0.015427769985974808,421.2,80.53,[[80.823105]],[[0.05676033]],long,lose,0.026946479572830022,78.36,0.972,[[0.95959866]],[[0.04517857]],short,profit,0.02469135802469138,0.948,17.286,[[17.575294]],[[0.03914644]],long,lose,0.01382621774846701,17.047,1.46,[[1.4616691]],[[0.05661914]],long,lose,0.02739726027397263,1.42,113.1,[[114.163605]],[[0.05065667]],long,lose,0.007073386383731187,112.3,25.0,[[25.080769]],[[0.0567372]],long,lose,0.024399999999999977,24.39,14.43,[[14.649676]],[[0.05741545]],long,lose,0.03603603603603601,13.91,0.765,[[0.77360564]],[[0.05719068]],long,lose,0.03254901960784318,0.7401,2.1944,[[2.215195]],[[0.06479739]],long,lose,0.03477032446226751,2.1181,2.9926,[[3.0188317]],[[0.05705022]],long,lose,0.035721446234043976,2.8857,16.6332,[[14.749282]],[[0.1041321]],short,profit,0.030565375273549182,16.1248
3078.76,[[3061.2666]],[[0.06049318]],short,profit,0.0014746196520678513,3074.22,lose,145.31331195559943,[[101.212715]],"[[1.40640496 1.         1.         1.        ]
 [1.19315615 1.01162132 1.         1.        ]
 [1.32833106 1.10083731 1.         1.08181305]
 [1.18958577 1.07677035 1.         1.20946573]
 [1.12795173 1.         1.         1.60296344]
 [1.1542777  1.05698006 1.23200191 1.        ]
 [1.         1.32871674 1.00255232 1.        ]
 [1.34185029 1.53554041 1.         1.        ]
 [1.         1.31717929 1.93773728 1.        ]
 [1.         1.28805711 1.         1.23125438]
 [1.         1.07073386 1.25385313 1.        ]
 [1.05740057 1.81003774 1.         1.        ]
 [1.         1.89185642 1.0790798  1.        ]
 [1.         1.3295437  1.         1.19592163]
 [1.40135841 1.34770324 1.         1.        ]
 [1.         1.51280929 1.         1.38808664]
 [1.30565375 1.         1.         4.79976066]]",41346.41,[[41579.51]],[[0.06581806]],long,lose,0.0011621323350685805,41298.36,106.34,[[107.79789]],[[0.06957465]],long,profit,0.008181305247319826,107.21,0.7555,[[0.7808116]],[[0.06754937]],long,lose,0.007677035076108427,0.7497,94.9,[[99.05796]],[[0.0665622]],long,profit,0.013698630136986271,96.2,421.2,[[433.26633]],[[0.05985925]],long,lose,0.0056980056980056445,418.8,78.36,[[78.28889]],[[0.05170745]],short,lose,0.00025523226135778485,78.38,0.948,[[0.90941685]],[[0.04937766]],short,profit,0.009493670886075958,0.939,17.047,[[18.25028]],[[0.0438414]],long,lose,0.017891711151522244,16.742,1.42,[[1.4680552]],[[0.06218703]],long,lose,0.0014084507042253535,1.418,112.3,[[114.2923]],[[0.05432345]],long,lose,0.0,112.3,24.39,[[23.20155]],[[0.0448979]],short,profit,0.005740057400574029,24.25,13.91,[[13.3831835]],[[0.0431761]],short,lose,0.007907979870596653,14.02,0.7401,[[0.75951195]],[[0.0617291]],long,lose,0.00040535062829342923,0.7398,2.1181,[[2.0926602]],[[0.05185822]],short,profit,0.00892309144988429,2.0992,2.8857,[[3.039155]],[[0.06335012]],long,lose,0.015559482967737367,2.8408,16.1248,[[19.809954]],[[0.08369486]],long,profit,0.0020403353840046344,16.1577
3074.22,[[3003.4414]],[[0.06134651]],short,lose,0.0033179147881414713,3084.42,lose,148.52846689869943,[[100.5965]],"[[1.40640496 1.         1.03317915 1.        ]
 [1.19315615 1.01162132 1.05771416 1.        ]
 [1.37030476 1.10083731 1.         1.08181305]
 [1.18958577 1.07677035 1.08136588 1.20946573]
 [1.22982283 1.         1.         1.60296344]
 [1.1542777  1.05698006 1.27498186 1.        ]
 [1.         1.32871674 1.05486159 1.        ]
 [1.34185029 1.53554041 1.03194888 1.        ]
 [1.         1.3398767  1.93773728 1.        ]
 [1.         1.28805711 1.07757405 1.23125438]
 [1.00890472 1.07073386 1.25385313 1.        ]
 [1.05740057 1.81003774 1.07835052 1.        ]
 [1.         1.89185642 1.15753914 1.        ]
 [1.         1.3295437  1.10408218 1.19592163]
 [1.40135841 1.34770324 1.07431402 1.        ]
 [1.         1.51280929 1.14502957 1.38808664]
 [1.30565375 1.         1.22125674 4.79976066]]",41298.36,[[40623.348]],[[0.06059394]],short,lose,0.00577141562037811,41536.71,107.21,[[102.72303]],[[0.06193106]],short,profit,0.0041973696483535924,106.76,0.7497,[[0.7411221]],[[0.06417232]],short,lose,0.008136587968520733,0.7558,96.2,[[93.845184]],[[0.07566459]],short,profit,0.010187110187110228,95.22,418.8,[[414.67282]],[[0.05887938]],short,lose,0.004297994269341001,420.6,78.38,[[76.198326]],[[0.05293475]],short,lose,0.005230926256698276,78.79,0.939,[[0.92324334]],[[0.048094]],short,lose,0.003194888178913741,0.942,16.742,[[16.772406]],[[0.04089869]],long,lose,0.0022697407717118777,16.704,1.418,[[1.3806174]],[[0.06015908]],short,lose,0.007757404795486687,1.429,112.3,[[111.40024]],[[0.05838158]],short,profit,0.0008904719501335202,112.2,24.25,[[23.784708]],[[0.04349869]],short,lose,0.007835051546391806,24.44,14.02,[[13.39908]],[[0.04330898]],short,lose,0.007845934379458004,14.13,0.7398,[[0.71576154]],[[0.05863849]],short,lose,0.010408218437415571,0.7475,2.0992,[[2.0430799]],[[0.05245044]],short,lose,0.007431402439024206,2.1148,2.8408,[[2.7819252]],[[0.05857705]],short,lose,0.014502956913545445,2.882,16.1577,[[15.959519]],[[0.10047042]],short,lose,0.022125673827339393,16.5152
3084.42,[[3068.8196]],[[0.06262992]],short,profit,0.00037284157151104287,3083.27,lose,156.50924590990763,[[100.14164]],"[[1.41013338 1.         1.03317915 1.        ]
 [1.19315615 1.01162132 1.06706251 1.        ]
 [1.37030476 1.10083731 1.         1.08274973]
 [1.25044843 1.07677035 1.08136588 1.20946573]
 [1.22982283 1.11657215 1.         1.60296344]
 [1.1542777  1.05698006 1.28449208 1.        ]
 [1.         1.32871674 1.05866917 1.        ]
 [1.34185029 1.53554041 1.08502744 1.        ]
 [1.13230364 1.3398767  1.93773728 1.        ]
 [1.         1.28805711 1.10556565 1.23125438]
 [1.00890472 1.10638449 1.25385313 1.        ]
 [1.06558388 1.81003774 1.07835052 1.        ]
 [1.         1.89185642 1.16461628 1.        ]
 [1.01471572 1.3295437  1.10408218 1.19592163]
 [1.40135841 1.34770324 1.16131989 1.        ]
 [1.         1.51280929 1.15856184 1.38808664]
 [1.30565375 1.53732319 1.22125674 4.79976066]]",41536.71,[[41180.426]],[[0.06248616]],short,lose,0.0009348357152023294,41575.54,106.76,[[108.01804]],[[0.07289899]],long,profit,9.366804046450829e-05,106.77,0.7558,[[0.74410725]],[[0.06695156]],short,profit,0.006086266207991596,0.7512,95.22,[[97.29252]],[[0.07023349]],long,lose,0.01165721487082545,94.11,420.6,[[416.3759]],[[0.06119706]],short,lose,0.000951022349025148,421.0,78.79,[[78.39648]],[[0.05378583]],short,lose,0.0003807589795657688,78.82,0.942,[[0.93067175]],[[0.04974413]],short,lose,0.005307855626326969,0.947,16.704,[[16.40919]],[[0.05420332]],short,profit,0.013230363984674334,16.483,1.429,[[1.4157487]],[[0.06147456]],short,lose,0.002799160251924425,1.433,112.2,[[112.39069]],[[0.05566348]],long,lose,0.003565062388591851,111.8,24.44,[[24.111877]],[[0.04494698]],short,profit,0.0008183306055646306,24.42,14.13,[[14.125346]],[[0.0431109]],short,lose,0.0007077140835102467,14.14,0.7475,[[0.7393321]],[[0.05966255]],short,profit,0.0014715719063546498,0.7464,2.1148,[[2.08009]],[[0.05395699]],short,lose,0.008700586343862397,2.1332,2.882,[[2.7970383]],[[0.06139361]],short,lose,0.0013532269257459377,2.8859,16.5152,[[16.839512]],[[0.06566057]],long,lose,0.05373231931796161,15.6278
3083.27,[[3092.308]],[[0.07007709]],long,profit,0.005383894371884366,3099.87,lose,160.92276698597058,[[100.032394]],"[[1.41013338 1.         1.03317915 1.05383894]
 [1.19315615 1.01162132 1.06706251 1.08603376]
 [1.37030476 1.10083731 1.02435141 1.08274973]
 [1.25044843 1.10339442 1.08136588 1.20946573]
 [1.22982283 1.11657215 1.         1.71028466]
 [1.1542777  1.05935535 1.28449208 1.        ]
 [1.         1.34140388 1.05866917 1.        ]
 [1.34185029 1.53554041 1.10614676 1.        ]
 [1.13230364 1.34169675 1.93773728 1.        ]
 [1.         1.28805711 1.10556565 1.25916785]
 [1.00890472 1.16899629 1.25385313 1.        ]
 [1.06558388 1.84689277 1.07835052 1.        ]
 [1.         1.94843351 1.16461628 1.        ]
 [1.01471572 1.3295437  1.10408218 1.27630748]
 [1.40135841 1.34770324 1.17632083 1.        ]
 [1.         1.51280929 1.15856184 1.40853087]
 [1.30565375 1.81932066 1.22125674 4.79976066]]",41575.54,[[41646.918]],[[0.06401998]],long,profit,0.008603375927288073,41933.23,106.77,[[106.235886]],[[0.0603321]],short,lose,0.0024351409571977626,107.03,0.7512,[[0.76120365]],[[0.06578711]],long,lose,0.002662406815761451,0.7492,94.11,[[94.21233]],[[0.06684484]],long,profit,0.010732121984911329,95.12,421.0,[[422.06302]],[[0.05744581]],long,lose,0.00023752969121145545,420.9,78.82,[[79.14589]],[[0.05905125]],long,lose,0.001268713524486099,78.72,0.947,[[0.9435262]],[[0.04792292]],short,lose,0.002111932418162621,0.949,16.483,[[16.65137]],[[0.04510827]],long,lose,0.00018200570284536272,16.48,1.433,[[1.4380385]],[[0.05770045]],long,profit,0.002791346824842989,1.437,111.8,[[112.09336]],[[0.054122]],long,lose,0.006261180679785356,111.1,24.42,[[24.610844]],[[0.060643]],long,lose,0.003685503685503825,24.33,14.14,[[14.230815]],[[0.05628895]],long,lose,0.005657708628005662,14.06,0.7464,[[0.75466484]],[[0.05862205]],long,profit,0.008038585209003224,0.7524,2.1332,[[2.1294537]],[[0.05165859]],short,lose,0.0015000937558597841,2.1364,2.8859,[[2.9211023]],[[0.05677075]],long,profit,0.002044422883675809,2.8918,15.6278,[[16.889389]],[[0.06760487]],long,lose,0.0281997466054084,15.1871
3099.87,[[3081.6125]],[[0.05891844]],short,lose,0.01970405210541085,3160.95,lose,166.5056636539027,[[99.678825]],"[[1.41013338 1.         1.23021967 1.05383894]
 [1.19315615 1.01162132 1.2357545  1.08603376]
 [1.37030476 1.10083731 1.17197357 1.08274973]
 [1.25044843 1.10339442 1.20549829 1.20946573]
 [1.22982283 1.11657215 1.34693019 1.71028466]
 [1.1542777  1.05935535 1.28449208 1.06652411]
 [1.         1.34140388 1.05866917 1.08765244]
 [1.34185029 1.53554041 1.10614676 1.10537408]
 [1.13230364 1.34169675 2.09853825 1.        ]
 [1.         1.28805711 1.10556565 1.35659304]
 [1.00890472 1.16899629 1.25385313 1.1530153 ]
 [1.06558388 1.84689277 1.07835052 1.12330456]
 [1.         1.94843351 1.16461628 1.15647226]
 [1.01471572 1.3295437  1.16123264 1.27630748]
 [1.40135841 1.34770324 1.17632083 1.05195656]
 [1.         1.51280929 1.20317073 1.40853087]
 [1.30565375 1.81932066 1.28723378 4.79976066]]",41933.23,[[41569.57]],[[0.05961457]],short,lose,0.01686919896225493,42640.61,107.03,[[106.74469]],[[0.05675535]],short,lose,0.014762216201065105,108.61,0.7492,[[0.7466601]],[[0.05989727]],short,lose,0.012413240790176154,0.7585,95.12,[[93.06713]],[[0.07055549]],short,lose,0.03469301934398651,98.42,420.9,[[421.2891]],[[0.05407965]],long,profit,0.006652411499168476,423.7,78.72,[[78.840645]],[[0.05553561]],long,profit,0.008765243902438996,79.41,0.949,[[0.9516437]],[[0.06274721]],long,profit,0.01053740779768178,0.959,16.48,[[16.261606]],[[0.04939465]],short,lose,0.016080097087378675,16.745,1.437,[[1.4372312]],[[0.05422432]],long,profit,0.00974251913709117,1.451,111.1,[[111.396034]],[[0.05103414]],long,profit,0.015301530153015329,112.8,24.33,[[24.394539]],[[0.05688788]],long,profit,0.012330456226880424,24.63,14.06,[[14.14325]],[[0.05304885]],long,profit,0.015647226173541882,14.28,0.7524,[[0.7452762]],[[0.05644057]],short,lose,0.005715045188729508,0.7567,2.1364,[[2.150961]],[[0.06248321]],long,profit,0.005195656244148983,2.1475,2.8918,[[2.889358]],[[0.05508633]],short,lose,0.004460889411439288,2.9047,15.1871,[[15.092003]],[[0.08329633]],short,lose,0.006597704630903922,15.2873
3160.95,[[3117.3655]],[[0.0617193]],short,profit,0.02154731963491978,3092.84,profit,170.0934144096778,[[100.49567]],"[[1.62560658 1.         1.23021967 1.05383894]
 [1.35016844 1.01162132 1.2357545  1.08603376]
 [1.51393794 1.10083731 1.17197357 1.08274973]
 [1.25044843 1.10339442 1.23977647 1.20946573]
 [1.30196264 1.11657215 1.34693019 1.71028466]
 [1.25104428 1.05935535 1.28449208 1.06652411]
 [1.12341015 1.34140388 1.05866917 1.08765244]
 [1.43569805 1.53554041 1.10614676 1.10537408]
 [1.14723347 1.34169675 2.09853825 1.        ]
 [1.07580979 1.28805711 1.10556565 1.35659304]
 [1.00890472 1.16899629 1.28931412 1.1530153 ]
 [1.15490585 1.84689277 1.07835052 1.12330456]
 [1.14005602 1.94843351 1.16461628 1.15647226]
 [1.01471572 1.38504787 1.16123264 1.27630748]
 [1.47353536 1.34770324 1.17632083 1.05195656]
 [1.04716494 1.51280929 1.20317073 1.40853087]
 [1.46493629 1.81932066 1.28723378 4.79976066]]",42640.61,[[42236.133]],[[0.06201193]],short,profit,0.015701229414870052,41971.1,108.61,[[107.35548]],[[0.05951289]],short,profit,0.014363318294816336,107.05,0.7585,[[0.74761504]],[[0.06293585]],short,lose,0.0034278180619644653,0.7611,98.42,[[96.17815]],[[0.07341959]],short,profit,0.007213980898191506,97.71,423.7,[[421.0634]],[[0.05989521]],short,profit,0.009676658012744786,419.6,79.41,[[78.66738]],[[0.05362421]],short,profit,0.012341014985518069,78.43,0.959,[[0.9510289]],[[0.05007439]],short,profit,0.009384775808133482,0.95,16.745,[[16.482481]],[[0.05146251]],short,profit,0.0014929829799941552,16.72,1.451,[[1.4416767]],[[0.0612532]],short,profit,0.007580978635423928,1.44,112.8,[[110.40384]],[[0.06016798]],short,lose,0.0035460992907801925,113.2,24.63,[[24.259676]],[[0.04554695]],short,profit,0.008932196508323137,24.41,14.28,[[13.98693]],[[0.04509989]],short,profit,0.014005602240896309,14.08,0.7567,[[0.7584882]],[[0.05546088]],long,lose,0.005550416281221214,0.7525,2.1475,[[2.1404202]],[[0.05218472]],short,profit,0.007217694994179207,2.132,2.9047,[[2.89835]],[[0.05733218]],short,profit,0.004716493958067974,2.891,15.2873,[[14.885578]],[[0.08829838]],short,profit,0.01592825417176355,15.0438
3092.84,[[3218.3604]],[[0.06800949]],long,lose,0.03079693744260938,2997.59,lose,182.1891721688349,[[96.51998]],"[[1.62560658 1.30796937 1.23021967 1.05383894]
 [1.35016844 1.31468939 1.2357545  1.08603376]
 [1.51393794 1.54642348 1.17197357 1.08274973]
 [1.25044843 1.46208579 1.23977647 1.20946573]
 [1.30196264 1.53004058 1.34693019 1.71028466]
 [1.25104428 1.36679101 1.28449208 1.06652411]
 [1.12341015 1.7315607  1.05866917 1.08765244]
 [1.43569805 1.88290883 1.10614676 1.10537408]
 [1.14723347 2.05282116 2.09853825 1.        ]
 [1.07580979 1.65611267 1.10556565 1.35659304]
 [1.00890472 1.66369594 1.28931412 1.1530153 ]
 [1.15490585 2.22378749 1.07835052 1.12330456]
 [1.14005602 2.29644487 1.16461628 1.15647226]
 [1.01471572 1.76378541 1.16123264 1.27630748]
 [1.47353536 1.77687773 1.17632083 1.05195656]
 [1.04716494 1.98115934 1.20317073 1.40853087]
 [1.46493629 2.20386446 1.28723378 4.79976066]]",41971.1,[[43201.465]],[[0.06170624]],long,lose,0.030306806350083797,40699.09,107.05,[[110.148285]],[[0.06659108]],long,lose,0.04455861746847264,102.28,0.7611,[[0.7673875]],[[0.05813115]],long,lose,0.03586913677571934,0.7338,97.71,[[101.34086]],[[0.05853133]],long,lose,0.041346842697779065,93.67,419.6,[[426.24832]],[[0.05754913]],long,lose,0.030743565300286067,406.7,78.43,[[80.12418]],[[0.060389]],long,lose,0.03901568277444858,75.37,0.95,[[0.96875083]],[[0.06613193]],long,lose,0.03473684210526307,0.917,16.72,[[17.006718]],[[0.04127877]],long,lose,0.07111244019138746,15.531,1.44,[[1.4651943]],[[0.05761644]],long,lose,0.036805555555555515,1.387,113.2,[[114.58614]],[[0.05102149]],long,lose,0.04946996466431103,107.6,24.41,[[24.922567]],[[0.06062359]],long,lose,0.03768947152806234,23.49,14.08,[[14.490046]],[[0.05845112]],long,lose,0.03480113636363638,13.59,0.7525,[[0.7607]],[[0.05412668]],long,lose,0.03787375415282388,0.724,2.132,[[2.1581428]],[[0.06463085]],long,lose,0.04291744840525324,2.0405,2.891,[[2.9175818]],[[0.05392019]],long,lose,0.046835005188516146,2.7556,15.0438,[[15.087109]],[[0.06129155]],long,lose,0.03845437987742459,14.4653
2997.59,[[3025.0645]],[[0.06524505]],long,lose,0.005544454044749397,2980.97,lose,186.17644453934957,[[96.3055]],"[[1.62560658 1.36341391 1.23021967 1.05383894]
 [1.35016844 1.38877704 1.2357545  1.08603376]
 [1.51393794 1.54642348 1.17197357 1.08274973]
 [1.25044843 1.49615502 1.23977647 1.20946573]
 [1.30196264 1.748894   1.34693019 1.71028466]
 [1.25104428 1.37170864 1.28449208 1.06652411]
 [1.12341015 1.7315607  1.05866917 1.12612929]
 [1.43569805 1.92652933 1.10614676 1.10537408]
 [1.14723347 2.05282116 2.09853825 1.04893439]
 [1.07580979 1.66332247 1.10556565 1.35659304]
 [1.00890472 1.71945802 1.28931412 1.1530153 ]
 [1.15490585 2.23655888 1.07835052 1.12330456]
 [1.14005602 2.29644487 1.16461628 1.21533908]
 [1.01471572 1.78174121 1.16123264 1.27630748]
 [1.47353536 1.79256016 1.17632083 1.05195656]
 [1.04716494 1.98115934 1.20317073 1.49054568]
 [1.46493629 2.22854421 1.28723378 4.79976066]]",40699.09,[[41388.613]],[[0.06030733]],long,lose,0.0074087651591226945,40397.56,102.28,[[105.47633]],[[0.06602101]],long,lose,0.0,102.28,0.7338,[[0.76314884]],[[0.05931442]],long,lose,0.003406922867266364,0.7313,93.67,[[96.842415]],[[0.0577166]],long,lose,0.02188534215864201,91.62,406.7,[[415.33807]],[[0.05723108]],long,lose,0.0004917629702483123,406.5,75.37,[[77.4415]],[[0.06008202]],long,profit,0.0038476847552075364,75.66,0.917,[[0.9420284]],[[0.06590378]],long,lose,0.004362050163576885,0.913,15.531,[[16.686922]],[[0.04313325]],long,profit,0.004893438928594343,15.607,1.387,[[1.4285326]],[[0.05769262]],long,lose,0.0007209805335256755,1.386,107.6,[[113.57898]],[[0.05263153]],long,lose,0.005576208178438609,107.0,23.49,[[24.184114]],[[0.06047233]],long,lose,0.0012771392081735882,23.46,13.59,[[13.87692]],[[0.05737097]],long,profit,0.00588668138337013,13.67,0.724,[[0.7478559]],[[0.05471126]],long,lose,0.0017955801104971932,0.7227,2.0405,[[2.1154506]],[[0.06547961]],long,lose,0.0015682430776770848,2.0373,2.7556,[[2.874747]],[[0.05513823]],long,profit,0.008201480621280366,2.7782,14.4653,[[14.72661]],[[0.0615489]],long,lose,0.0024679750852037987,14.4296
2980.97,[[2902.5703]],[[0.05998744]],short,lose,0.008349631160327118,3005.86,lose,190.9193661042346,[[95.85712]],"[[1.62560658 1.36341391 1.31371598 1.05383894]
 [1.35016844 1.38877704 1.28343313 1.08603376]
 [1.51393794 1.54642348 1.24921252 1.08274973]
 [1.25044843 1.49615502 1.27122731 1.20946573]
 [1.30196264 1.748894   1.52483895 1.71028466]
 [1.25104428 1.37170864 1.38535309 1.06652411]
 [1.12341015 1.7315607  1.14854493 1.12612929]
 [1.43569805 1.92652933 1.14995837 1.10537408]
 [1.15940749 2.05282116 2.09853825 1.04893439]
 [1.07580979 1.66332247 1.27151082 1.35659304]
 [1.00890472 1.71945802 1.33604309 1.1530153 ]
 [1.15490585 2.23655888 1.18491488 1.12330456]
 [1.14005602 2.29644487 1.24508446 1.21533908]
 [1.01471572 1.78174121 1.17091854 1.27630748]
 [1.47353536 1.79256016 1.27792589 1.05195656]
 [1.04716494 1.98115934 1.24816389 1.49054568]
 [1.71969041 2.22854421 1.28723378 4.79976066]]",40397.56,[[39620.605]],[[0.05996647]],short,lose,0.004767862217421067,40590.17,102.28,[[97.45959]],[[0.05781534]],short,lose,0.007723895189675323,103.07,0.7313,[[0.7068198]],[[0.06193846]],short,lose,0.0031450840968140024,0.7336,91.62,[[89.72734]],[[0.06765648]],short,lose,0.017790875354725993,93.25,406.5,[[393.95526]],[[0.06045458]],short,lose,0.010086100861008666,410.6,75.66,[[72.33443]],[[0.05515545]],short,lose,0.008987575997885367,76.34,0.913,[[0.88485456]],[[0.05038644]],short,lose,0.004381161007667035,0.917,15.607,[[14.344608]],[[0.0490066]],short,profit,0.0012174024476196662,15.588,1.386,[[1.3341291]],[[0.06248061]],short,lose,0.01659451659451669,1.409,107.0,[[102.03224]],[[0.05631474]],short,lose,0.004672897196261682,107.5,23.46,[[22.571623]],[[0.04652128]],short,lose,0.010656436487638534,23.71,13.67,[[13.095408]],[[0.04834872]],short,lose,0.008046817849305006,13.78,0.7227,[[0.69579816]],[[0.05803865]],short,lose,0.000968590009685947,0.7234,2.0373,[[1.9509599]],[[0.05168317]],short,lose,0.010160506552790318,2.058,2.7782,[[2.6239343]],[[0.06075832]],short,lose,0.004499316103952263,2.7907,14.4296,[[14.125773]],[[0.09348723]],short,profit,0.025475411653822784,14.062
3005.86,[[2963.7742]],[[0.06138308]],short,lose,0.0003759323454850373,3006.99,profit,197.01686182793262,[[95.87773]],"[[1.62560658 1.36341391 1.3174753  1.05383894]
 [1.38049845 1.38877704 1.28343313 1.08603376]
 [1.62260195 1.54642348 1.24921252 1.08274973]
 [1.31860546 1.49615502 1.27122731 1.20946573]
 [1.30196264 1.748894   1.60741267 1.71028466]
 [1.30949533 1.37170864 1.38535309 1.06652411]
 [1.20986548 1.7315607  1.14854493 1.12612929]
 [1.44660317 1.92652933 1.14995837 1.10537408]
 [1.15940749 2.08233104 2.09853825 1.04893439]
 [1.07580979 1.66332247 1.59088626 1.35659304]
 [1.00890472 1.71945802 1.33604309 1.1530153 ]
 [1.2055174  2.23655888 1.18491488 1.12330456]
 [1.14005602 2.29644487 1.24508446 1.21533908]
 [1.01471572 1.78174121 1.17368326 1.27630748]
 [1.48471126 1.79256016 1.27792589 1.05195656]
 [1.04716494 2.00946765 1.24816389 1.49054568]
 [1.71969041 2.22854421 1.28723378 4.90856453]]",40590.17,[[40077.43]],[[0.06170367]],short,profit,0.0030330003545193476,40467.06,103.07,[[102.22642]],[[0.05765101]],short,profit,0.01086640147472582,101.95,0.7336,[[0.72888666]],[[0.06246922]],short,profit,0.006815703380588883,0.7286,93.25,[[89.81752]],[[0.07117908]],short,lose,0.008257372654155453,94.02,410.6,[[406.27368]],[[0.06137699]],short,profit,0.005845104724793069,408.2,76.34,[[75.93342]],[[0.05500954]],short,profit,0.00864553314121033,75.68,0.917,[[0.9092214]],[[0.05105289]],short,profit,0.0010905125408942212,0.916,15.588,[[15.6824875]],[[0.04971355]],long,lose,0.0029509879394405553,15.542,1.409,[[1.3850056]],[[0.06343754]],short,lose,0.031937544357700444,1.454,107.5,[[106.400444]],[[0.05630625]],short,lose,0.0,107.5,23.71,[[23.419338]],[[0.04699218]],short,profit,0.00506115563053568,23.59,13.78,[[13.737875]],[[0.04820069]],short,lose,0.0,13.78,0.7234,[[0.7209614]],[[0.05814742]],short,lose,0.00027647221454240803,0.7236,2.058,[[2.035044]],[[0.0519236]],short,profit,0.0011175898931000822,2.0557,2.7907,[[2.7995362]],[[0.06354789]],long,lose,0.002830830974307607,2.7828,14.062,[[14.149383]],[[0.07990541]],long,profit,0.010880386858199436,14.215
3006.99,[[3029.1443]],[[0.06467526]],long,profit,6.651169442012298e-06,3007.01,profit,201.87837128805606,[[95.898926]],"[[1.62560658 1.36341391 1.3174753  1.05390546]
 [1.38049845 1.39131738 1.28343313 1.08603376]
 [1.62260195 1.57192618 1.24921252 1.08274973]
 [1.31860546 1.54693734 1.27122731 1.20946573]
 [1.30196264 1.748894   1.60741267 1.95704067]
 [1.30949533 1.37170864 1.38535309 1.16941485]
 [1.20986548 1.7315607  1.14854493 1.13934282]
 [1.44660317 1.94836339 1.14995837 1.10537408]
 [1.15940749 2.08233104 2.09853825 1.05408173]
 [1.08268737 1.66332247 1.59088626 1.35659304]
 [1.00890472 1.71945802 1.33604309 1.1902246 ]
 [1.2055174  2.24503705 1.18491488 1.12330456]
 [1.14005602 2.30370177 1.24508446 1.21533908]
 [1.01471572 1.78174121 1.17368326 1.28598134]
 [1.48471126 1.83001699 1.27792589 1.05195656]
 [1.04716494 2.00946765 1.24816389 1.49198308]
 [1.71969041 2.22854421 1.40647402 4.90856453]]",40467.06,[[40642.406]],[[0.06049615]],long,lose,0.0002540337746304979,40456.78,101.95,[[103.81677]],[[0.06687641]],long,lose,0.002550269740068711,101.69,0.7286,[[0.7356391]],[[0.05975247]],long,lose,0.005078232226187258,0.7249,94.02,[[94.270836]],[[0.05215465]],long,profit,0.02467560093597115,96.34,408.2,[[414.4296]],[[0.05734353]],long,profit,0.010289073983341472,412.4,75.68,[[77.00099]],[[0.06066944]],long,profit,0.0013213530655390368,75.78,0.916,[[0.9206987]],[[0.06508935]],long,lose,0.00218340611353712,0.914,15.542,[[15.56342]],[[0.04142166]],long,profit,0.0005147342684339786,15.55,1.454,[[1.4317901]],[[0.05301217]],short,profit,0.0006877579092158802,1.453,107.5,[[107.992165]],[[0.05023863]],long,profit,0.0037209302325581922,107.9,23.59,[[23.944]],[[0.05949807]],long,lose,0.0008478168715557259,23.57,13.78,[[13.883796]],[[0.05597683]],long,lose,0.0007256894049346726,13.77,0.7236,[[0.72392696]],[[0.05392016]],long,profit,0.0009673852957435516,0.7243,2.0557,[[2.0780904]],[[0.06314804]],long,lose,0.003745682735807666,2.048,2.7828,[[2.8018837]],[[0.0533919]],long,profit,0.00014374011786688084,2.7832,14.215,[[13.78926]],[[0.08233519]],short,lose,0.011924023918396013,14.3845
3007.01,[[3007.8826]],[[0.07023361]],long,lose,0.01644158150455105,2957.57,profit,210.40696762542777,[[95.97845]],"[[1.62560658 1.52782973 1.3174753  1.05390546]
 [1.62295225 1.39131738 1.28343313 1.08603376]
 [1.71208961 1.57192618 1.24921252 1.08274973]
 [1.31860546 1.54693734 1.33468434 1.20946573]
 [1.72442476 1.748894   1.60741267 1.95704067]
 [1.43073684 1.37170864 1.38535309 1.16941485]
 [1.4368383  1.7315607  1.14854493 1.13934282]
 [1.44660317 2.07965442 1.14995837 1.10537408]
 [1.31953611 2.08233104 2.09853825 1.05408173]
 [1.08268737 2.02120272 1.59088626 1.35659304]
 [1.06451176 1.71945802 1.33604309 1.1902246 ]
 [1.38371002 2.24503705 1.18491488 1.12330456]
 [1.14005602 2.40537207 1.24508446 1.21533908]
 [1.05613502 1.78174121 1.17368326 1.28598134]
 [1.48471126 1.87347402 1.27792589 1.05195656]
 [1.22717356 2.00946765 1.24816389 1.49198308]
 [1.71969041 2.22854421 1.78292089 4.90856453]]",40456.78,[[40288.15]],[[0.05595877]],short,profit,0.024245379884409966,39475.89,101.69,[[100.8256]],[[0.05228758]],short,profit,0.00894876585701639,100.78,0.7249,[[0.723841]],[[0.05585869]],short,lose,0.006345702855566352,0.7295,96.34,[[94.7302]],[[0.06825037]],short,profit,0.042246211334855795,92.27,412.4,[[405.79178]],[[0.05943642]],short,profit,0.012124151309408342,407.4,75.78,[[75.057755]],[[0.05092855]],short,profit,0.02269728160464501,74.06,0.914,[[0.91510034]],[[0.07090539]],long,lose,0.013129102844638961,0.902,15.55,[[15.499358]],[[0.04286068]],short,profit,0.01601286173633444,15.301,1.453,[[1.4977793]],[[0.05306388]],long,lose,0.035788024776324874,1.401,107.9,[[107.60033]],[[0.05214273]],short,profit,0.005560704355885158,107.3,23.57,[[23.471592]],[[0.04256933]],short,profit,0.017819261773440887,23.15,13.77,[[13.776425]],[[0.0607884]],long,lose,0.010167029774872825,13.63,0.7243,[[0.72389954]],[[0.05331686]],short,profit,0.0041419301394449845,0.7213,2.048,[[2.053731]],[[0.06850743]],long,lose,0.0043457031250000635,2.0391,2.7832,[[2.7747087]],[[0.05433063]],short,profit,0.018000862316757703,2.7331,14.3845,[[14.197735]],[[0.08856062]],short,lose,0.0376446869894679,14.926
2957.57,[[3005.4233]],[[0.06321743]],long,profit,0.0034555395138575924,2967.79,profit,214.93110933830707,[[96.389114]],"[[1.62560658 1.52782973 1.3174753  1.08846085]
 [1.62295225 1.39131738 1.28343313 1.09718994]
 [1.71208961 1.57192618 1.24921252 1.13930857]
 [1.35013391 1.54693734 1.33468434 1.20946573]
 [1.72442476 1.748894   1.60741267 2.14778522]
 [1.43073684 1.37170864 1.38535309 1.19641535]
 [1.4368383  1.7315607  1.14854493 1.17174897]
 [1.44660317 2.07965442 1.14995837 1.14971998]
 [1.31953611 2.08233104 2.09853825 1.26910036]
 [1.08268737 2.02120272 1.59088626 1.39941959]
 [1.06451176 1.85925299 1.33604309 1.1902246 ]
 [1.38371002 2.24503705 1.18491488 1.15354214]
 [1.14005602 2.40537207 1.24508446 1.28136989]
 [1.05613502 1.78174121 1.17368326 1.32202736]
 [1.48471126 1.87347402 1.27792589 1.0808909 ]
 [1.22717356 2.00946765 1.24816389 1.54759758]
 [1.72639013 2.22854421 1.78292089 4.90856453]]",39475.89,[[40367.918]],[[0.06431467]],long,profit,0.0011156176592852212,39519.93,100.78,[[101.40267]],[[0.06551971]],long,profit,0.005655884103988819,101.35,0.7295,[[0.72123826]],[[0.04997984]],short,profit,0.0031528444139822887,0.7272,92.27,[[98.07462]],[[0.06195977]],long,profit,0.019074455402622793,94.03,407.4,[[416.55515]],[[0.05850836]],long,profit,0.002700049091801725,408.5,74.06,[[75.84805]],[[0.06410573]],long,profit,0.003240615716986158,74.3,0.902,[[0.9129056]],[[0.06350725]],long,profit,0.0044345898004434624,0.906,15.301,[[15.552464]],[[0.04419492]],long,profit,0.02150186262335799,15.63,1.401,[[1.4533571]],[[0.04731493]],long,profit,0.00428265524625268,1.407,107.3,[[108.29511]],[[0.05040819]],long,lose,0.013979496738117428,105.8,23.15,[[23.540594]],[[0.061697]],long,profit,0.0030237580993520644,23.22,13.63,[[13.765023]],[[0.05436839]],long,profit,0.006603081438004392,13.72,0.7213,[[0.7245988]],[[0.05359013]],long,profit,0.0036046028004990092,0.7239,2.0391,[[2.0400336]],[[0.06055781]],long,profit,0.0028934333774704606,2.045,2.7331,[[2.7812576]],[[0.05682121]],long,profit,0.0055614503677143545,2.7483,14.926,[[14.449446]],[[0.07993458]],short,profit,0.0006699718611818161,14.916
2967.79,[[2909.4055]],[[0.05775081]],short,profit,0.003227991198838168,2958.21,profit,224.22951674351017,[[97.13988]],"[[1.65788649 1.52782973 1.3174753  1.08846085]
 [1.62295225 1.39131738 1.30985777 1.09718994]
 [1.83147787 1.57192618 1.24921252 1.13930857]
 [1.35013391 1.64319696 1.33468434 1.20946573]
 [1.80631352 1.748894   1.60741267 2.14778522]
 [1.49683231 1.37170864 1.38535309 1.19641535]
 [1.49336589 1.7315607  1.14854493 1.17174897]
 [1.47971576 2.07965442 1.14995837 1.14971998]
 [1.46349005 2.08233104 2.09853825 1.26910036]
 [1.18218985 2.02120272 1.59088626 1.39941959]
 [1.06451176 1.90651197 1.33604309 1.1902246 ]
 [1.45261613 2.24503705 1.18491488 1.15354214]
 [1.27853999 2.40537207 1.24508446 1.28136989]
 [1.12106112 1.78174121 1.17368326 1.32202736]
 [1.58202178 1.87347402 1.27792589 1.0808909 ]
 [1.29958196 2.00946765 1.24816389 1.54759758]
 [1.72639013 2.22854421 1.78292089 5.34118722]]",39519.93,[[38603.207]],[[0.0614147]],short,lose,0.0026424641946481255,39624.36,101.35,[[99.84669]],[[0.05805495]],short,profit,0.011938825851011286,100.14,0.7272,[[0.73397064]],[[0.06909669]],long,lose,0.009625962596259635,0.7202,94.03,[[88.66651]],[[0.07931551]],short,profit,0.008188875890673146,93.26,408.5,[[402.4437]],[[0.06436176]],short,profit,0.006609547123622983,405.8,74.3,[[72.35713]],[[0.05637962]],short,profit,0.005652759084791409,73.88,0.906,[[0.89046353]],[[0.04929791]],short,profit,0.0033112582781456984,0.903,15.63,[[15.052848]],[[0.05345444]],short,profit,0.014395393474088383,15.405,1.407,[[1.3521043]],[[0.05786761]],short,profit,0.009950248756218914,1.393,105.8,[[106.69744]],[[0.06088042]],long,lose,0.004725897920604915,105.3,23.22,[[22.741205]],[[0.04715965]],short,profit,0.0068906115417743385,23.06,13.72,[[13.481092]],[[0.04813928]],short,profit,0.013848396501457819,13.53,0.7239,[[0.7182398]],[[0.05843918]],short,profit,0.006492609476447075,0.7192,2.045,[[2.029891]],[[0.05017474]],short,profit,0.009731051344743183,2.0251,2.7483,[[2.6846657]],[[0.06060072]],short,profit,0.007240839791871268,2.7284,14.916,[[15.058733]],[[0.06761197]],long,profit,0.043262268704746504,15.5613
2958.21,[[2977.0747]],[[0.06275231]],long,lose,0.00825837246172511,2933.78,lose,242.0179623373785,[[95.68058]],"[[1.65788649 1.61041345 1.3174753  1.08846085]
 [1.65459187 1.39131738 1.30985777 1.09718994]
 [1.83147787 1.6318423  1.24921252 1.13930857]
 [1.35013391 1.75705423 1.33468434 1.20946573]
 [1.80631352 1.80036301 1.60741267 2.14778522]
 [1.49683231 1.49492204 1.38535309 1.19641535]
 [1.49336589 1.74238907 1.14854493 1.17174897]
 [1.47971576 2.24576738 1.14995837 1.14971998]
 [1.46349005 2.15568384 2.09853825 1.26910036]
 [1.18218985 2.301174   1.59088626 1.39941959]
 [1.06451176 1.90651197 1.44050653 1.1902246 ]
 [1.45261613 2.30574824 1.18491488 1.15354214]
 [1.27853999 2.52362779 1.24508446 1.28136989]
 [1.12106112 1.89436635 1.17368326 1.32202736]
 [1.58202178 1.92828613 1.27792589 1.0808909 ]
 [1.29958196 2.12711902 1.24816389 1.54759758]
 [1.72639013 2.22854421 2.57623508 5.34118722]]",39624.36,[[39538.69]],[[0.04944642]],short,profit,0.003163962774414593,39498.99,100.14,[[101.9039]],[[0.06770034]],long,lose,0.005991611743558961,99.54,0.7202,[[0.7247053]],[[0.0566271]],long,lose,0.01138572618717021,0.712,93.26,[[95.632904]],[[0.0607198]],long,lose,0.005146901136607377,92.78,405.8,[[409.48672]],[[0.05864528]],long,lose,0.01232134056185313,400.8,73.88,[[74.52086]],[[0.06380476]],long,lose,0.0010828370330265066,73.8,0.903,[[0.9099087]],[[0.06345129]],long,lose,0.016611295681063138,0.888,15.405,[[15.933224]],[[0.04755415]],long,lose,0.007335280753002243,15.292,1.393,[[1.4127581]],[[0.04838338]],long,lose,0.02799712849964101,1.354,105.3,[[104.40628]],[[0.04337597]],short,lose,0.010446343779677195,106.4,23.06,[[23.270708]],[[0.06219531]],long,lose,0.0060711188204682145,22.92,13.53,[[13.806969]],[[0.05785543]],long,lose,0.011825572801182568,13.37,0.7192,[[0.7261768]],[[0.05520033]],long,lose,0.01126251390433815,0.7111,2.0251,[[2.0502348]],[[0.06267084]],long,lose,0.005481210804404884,2.014,2.7284,[[2.7629898]],[[0.05780599]],long,lose,0.01176513707667506,2.6963,15.5613,[[14.999528]],[[0.0818113]],short,lose,0.07933141832623243,16.7958
2933.78,[[2948.4016]],[[0.06964102]],long,profit,0.011217610045742983,2966.69,profit,247.40853139097598,[[95.95142]],"[[1.65788649 1.61041345 1.3174753  1.20063695]
 [1.65459187 1.39131738 1.30985777 1.13495799]
 [1.83147787 1.6318423  1.46219223 1.13930857]
 [1.35013391 1.77531265 1.33468434 1.20946573]
 [1.80631352 1.80036301 1.66669269 2.14778522]
 [1.49683231 1.49492204 1.38535309 1.31368081]
 [1.49336589 1.74238907 1.20003545 1.17174897]
 [1.47971576 2.24576738 1.14995837 1.28485511]
 [1.46349005 2.15568384 2.27117754 1.26910036]
 [1.18218985 2.301174   1.59088626 1.5545156 ]
 [1.06451176 1.90651197 1.5156945  1.1902246 ]
 [1.45261613 2.30574824 1.26344891 1.15354214]
 [1.27853999 2.52362779 1.3722348  1.28136989]
 [1.12106112 1.89436635 1.17368326 1.46546711]
 [1.58202178 1.92828613 1.37077594 1.0808909 ]
 [1.29958196 2.12711902 1.24816389 1.66553698]
 [1.94912438 2.22854421 2.57623508 5.34118722]]",39498.99,[[39650.83]],[[0.06967935]],long,profit,0.0037768054322401736,39648.17,99.54,[[98.94133]],[[0.05143709]],short,lose,0.021297970665059174,101.66,0.712,[[0.7132917]],[[0.06265275]],long,lose,0.0018258426966291685,0.7107,92.78,[[92.43693]],[[0.06790336]],short,lose,0.005928001724509562,93.33,400.8,[[403.11075]],[[0.06495894]],long,profit,0.011726546906187596,405.5,73.8,[[73.45877]],[[0.05023644]],short,lose,0.0051490514905150365,74.18,0.888,[[0.90088075]],[[0.070994]],long,profit,0.013513513513513525,0.9,15.292,[[15.180904]],[[0.04641918]],short,lose,0.017263928851687114,15.556,1.354,[[1.3793796]],[[0.05401092]],long,profit,0.01550960118168383,1.375,106.4,[[104.8061]],[[0.04851469]],short,lose,0.007518796992481176,107.2,22.92,[[22.896729]],[[0.04151243]],short,lose,0.007853403141361244,23.1,13.37,[[13.341244]],[[0.04197051]],short,lose,0.01271503365744203,13.54,0.7111,[[0.7142923]],[[0.06102831]],long,profit,0.014343974124595836,0.7213,2.014,[[2.0046449]],[[0.04487844]],short,lose,0.009285004965243489,2.0327,2.6963,[[2.7074938]],[[0.06369977]],long,profit,0.011793939843489245,2.7281,16.7958,[[16.276617]],[[0.09046274]],short,profit,0.022273425499231864,16.4217
2966.69,[[2910.165]],[[0.06091888]],short,profit,0.0007449379611621155,2964.48,profit,251.6764809842415,[[96.062164]],"[[1.66533587 1.61041345 1.3174753  1.20063695]
 [1.65459187 1.39131738 1.32677406 1.13495799]
 [1.83147787 1.6318423  1.48678401 1.13930857]
 [1.35013391 1.77531265 1.37689624 1.20946573]
 [1.97881968 1.80036301 1.66669269 2.14778522]
 [1.49683231 1.49492204 1.38781918 1.31368081]
 [1.5365042  1.74238907 1.20003545 1.17174897]
 [1.49082687 2.24576738 1.14995837 1.28485511]
 [1.46349005 2.15568384 2.35796078 1.26910036]
 [1.18218985 2.301174   1.60543171 1.5545156 ]
 [1.06451176 1.9438254  1.5156945  1.1902246 ]
 [1.45261613 2.30574824 1.30673896 1.15354214]
 [1.27853999 2.52362779 1.41654794 1.28136989]
 [1.13769774 1.89436635 1.17368326 1.46546711]
 [1.5874333  1.92828613 1.37077594 1.0808909 ]
 [1.32853984 2.12711902 1.24816389 1.66553698]
 [1.94912438 2.22854421 2.57623508 5.48952752]]",39648.17,[[39355.605]],[[0.06334379]],short,lose,0.0016916291470703366,39715.24,101.66,[[98.96411]],[[0.05906906]],short,lose,0.0024591776509935077,101.91,0.7107,[[0.7039616]],[[0.05725215]],short,lose,0.004221190375685947,0.7137,93.33,[[92.3225]],[[0.07696131]],short,profit,0.0172506160934319,91.72,405.5,[[395.89258]],[[0.06701641]],short,lose,0.00024660912453766394,405.6,74.18,[[73.718445]],[[0.05662788]],short,profit,0.004313831221353564,73.86,0.9,[[0.8737961]],[[0.05241782]],short,profit,0.001111111111111112,0.899,15.556,[[15.175248]],[[0.0531345]],short,lose,0.008678323476472202,15.691,1.375,[[1.3162502]],[[0.05884041]],short,lose,0.0014545454545454558,1.377,107.2,[[107.494644]],[[0.05790287]],long,lose,0.0037313432835821424,106.8,23.1,[[22.783096]],[[0.04731251]],short,lose,0.004329004329004236,23.2,13.54,[[13.214695]],[[0.04826617]],short,lose,0.004431314623338294,13.6,0.7213,[[0.7033984]],[[0.06256296]],short,profit,0.0016636628309997085,0.7201,2.0327,[[2.0034215]],[[0.05099845]],short,profit,0.0005411521621489156,2.0316,2.7281,[[2.6668005]],[[0.06284536]],short,profit,0.0028957882775557334,2.7202,16.4217,[[17.578318]],[[0.0645294]],long,profit,0.014834030581486517,16.6653
2964.48,[[2998.0889]],[[0.0639478]],long,profit,0.0007724794905008513,2966.77,lose,268.0710246022078,[[95.75074]],"[[1.66533587 1.61041345 1.3174753  1.20836175]
 [1.65459187 1.39131738 1.32677406 1.17820335]
 [1.83147787 1.6318423  1.48678401 1.21192166]
 [1.35013391 1.77531265 1.38390199 1.20946573]
 [1.97881968 1.80581438 1.66669269 2.14778522]
 [1.49683231 1.49492204 1.38781918 1.35805951]
 [1.5365042  1.74238907 1.20003545 1.19341158]
 [1.49082687 2.24576738 1.14995837 1.32934899]
 [1.46349005 2.15568384 2.35796078 1.30797615]
 [1.18218985 2.301174   1.60543171 1.67071023]
 [1.06451176 1.99064188 1.5156945  1.1902246 ]
 [1.45261613 2.30574824 1.30673896 1.18371456]
 [1.27853999 2.53833368 1.41654794 1.28136989]
 [1.13769774 1.92352896 1.17368326 1.46546711]
 [1.5874333  1.92828613 1.37077594 1.09319647]
 [1.32853984 2.12711902 1.24816389 1.70413708]
 [1.94912438 2.22854421 3.22764849 5.48952752]]",39715.24,[[39745.227]],[[0.06290091]],long,profit,0.004324536374449708,39886.99,101.91,[[103.74046]],[[0.06363205]],long,profit,0.007261308998135699,102.65,0.7137,[[0.7096264]],[[0.04615373]],short,lose,0.0007005744710661971,0.7142,91.72,[[93.69055]],[[0.06279615]],long,lose,0.0005451373746183729,91.67,405.6,[[409.90823]],[[0.0593912]],long,profit,0.0044378698224850945,407.4,73.86,[[74.55494]],[[0.06418782]],long,profit,0.002166260492824216,74.02,0.899,[[0.9114875]],[[0.06482443]],long,profit,0.004449388209121249,0.903,15.691,[[15.820536]],[[0.04373061]],long,profit,0.0038875788668663526,15.752,1.377,[[1.3939409]],[[0.04862028]],long,profit,0.011619462599854767,1.393,106.8,[[107.99177]],[[0.04724643]],long,lose,0.0046816479400749065,106.3,23.2,[[23.279413]],[[0.05982475]],long,profit,0.0030172413793103574,23.27,13.6,[[13.716109]],[[0.05418598]],long,lose,0.0014705882352940864,13.58,0.7201,[[0.73087555]],[[0.05657956]],long,lose,0.002916261630329108,0.718,2.0316,[[2.0505393]],[[0.06134088]],long,profit,0.0012305571962984577,2.0341,2.7202,[[2.75852]],[[0.05921598]],long,profit,0.003860010293360765,2.7307,16.6653,[[16.485546]],[[0.08142148]],short,lose,0.06514134159001057,17.7509
2966.77,[[2962.8442]],[[0.05439622]],short,profit,0.0010145714025690442,2963.76,profit,279.6949010048871,[[96.14743]],"[[1.67548158 1.61041345 1.3174753  1.20836175]
 [1.67810581 1.39131738 1.32677406 1.17820335]
 [1.85972921 1.6318423  1.48678401 1.21192166]
 [1.35013391 1.80191584 1.38390199 1.20946573]
 [2.08245227 1.80581438 1.66669269 2.14778522]
 [1.51892362 1.49492204 1.38781918 1.35805951]
 [1.59594759 1.74238907 1.20003545 1.19341158]
 [1.54619785 2.24576738 1.14995837 1.32934899]
 [1.46349005 2.27757313 2.35796078 1.30797615]
 [1.25397736 2.301174   1.60543171 1.67071023]
 [1.06451176 1.99064188 1.5156945  1.1902246 ]
 [1.45261613 2.30574824 1.30673896 1.19230931]
 [1.27853999 2.67088154 1.41654794 1.28136989]
 [1.13769774 1.975061   1.17368326 1.46546711]
 [1.59874051 1.92828613 1.37077594 1.09319647]
 [1.32853984 2.12711902 1.28112248 1.70413708]
 [2.3827362  2.22854421 3.22764849 5.48952752]]",39886.99,[[39757.3]],[[0.0582956]],short,profit,0.002351393273846958,39793.2,102.65,[[102.19669]],[[0.05424411]],short,profit,0.0028251339503166705,102.36,0.7142,[[0.71674454]],[[0.06280223]],long,lose,0.0026603192383084597,0.7123,91.67,[[90.13732]],[[0.06999341]],short,profit,0.010363259517835746,90.72,407.4,[[405.7124]],[[0.06057216]],short,profit,0.002209131075110401,406.5,74.02,[[73.568085]],[[0.05182807]],short,profit,0.005944339367738419,73.58,0.903,[[0.8990676]],[[0.04732536]],short,profit,0.005537098560354379,0.898,15.752,[[15.834225]],[[0.04878434]],long,lose,0.01218892839004572,15.56,1.393,[[1.3798763]],[[0.05380652]],short,profit,0.007178750897343869,1.383,106.3,[[106.39912]],[[0.05233096]],long,lose,0.0,106.3,23.27,[[23.281872]],[[0.06674561]],long,profit,0.000859475719810897,23.29,13.58,[[13.656071]],[[0.06045403]],long,lose,0.013254786450662718,13.4,0.718,[[0.71909636]],[[0.06247063]],long,lose,0.005153203342618281,0.7143,2.0341,[[2.0302033]],[[0.04593748]],short,profit,0.0011307212034806394,2.0318,2.7307,[[2.713265]],[[0.05672641]],short,lose,0.0032958582048558597,2.7397,17.7509,[[17.129791]],[[0.09328683]],short,profit,0.04336118168656238,16.9812
2963.76,[[2968.421]],[[0.0649126]],long,lose,0.007939239344616366,2940.23,lose,285.8418244882112,[[95.50002]],"[[1.67548158 1.68980585 1.3174753  1.20836175]
 [1.67810581 1.4374157  1.32677406 1.17820335]
 [1.85972921 1.76079892 1.48678401 1.21192166]
 [1.35013391 1.84122512 1.38390199 1.20946573]
 [2.08245227 1.80581438 1.66669269 2.17313795]
 [1.51892362 1.57610285 1.38781918 1.35805951]
 [1.59594759 1.803547   1.20003545 1.19341158]
 [1.54619785 2.32371838 1.14995837 1.32934899]
 [1.46349005 2.39775308 2.35796078 1.30797615]
 [1.25397736 2.38071124 1.60543171 1.67071023]
 [1.13036313 1.99064188 1.5156945  1.1902246 ]
 [1.45261613 2.38303463 1.30673896 1.19230931]
 [1.27853999 2.67088154 1.41654794 1.28136989]
 [1.13769774 2.01566018 1.17368326 1.46546711]
 [1.59874051 1.98439401 1.37077594 1.09319647]
 [1.32853984 2.23114501 1.28112248 1.70413708]
 [2.3827362  2.44831666 3.22764849 5.48952752]]",39793.2,[[40017.348]],[[0.06501882]],long,lose,0.0046098328357607595,39609.76,102.36,[[103.37412]],[[0.06497497]],long,lose,0.012895662368112477,101.04,0.7123,[[0.7146181]],[[0.05735762]],long,lose,0.003930927979783834,0.7095,90.72,[[91.5685]],[[0.06490727]],long,profit,0.002535273368606746,90.95,406.5,[[408.9614]],[[0.06086372]],long,lose,0.008118081180811837,403.2,73.58,[[74.168915]],[[0.06661218]],long,lose,0.006115792334873645,73.13,0.898,[[0.9058732]],[[0.06697588]],long,lose,0.007795100222717156,0.891,15.56,[[15.808279]],[[0.04504472]],long,lose,0.0120179948586119,15.373,1.383,[[1.4069391]],[[0.05165043]],long,lose,0.007953723788864714,1.372,106.3,[[105.799614]],[[0.04352417]],short,profit,0.006585136406397017,105.6,23.29,[[23.332106]],[[0.06105695]],long,lose,0.007728638900815789,23.11,13.4,[[13.567104]],[[0.05560721]],long,lose,0.0,13.4,0.7143,[[0.715628]],[[0.05709123]],long,lose,0.004059918801623986,0.7114,2.0318,[[2.0363255]],[[0.06246919]],long,lose,0.0056107884634314775,2.0204,2.7397,[[2.7424576]],[[0.05899762]],long,lose,0.010402598824688905,2.7112,16.9812,[[18.282059]],[[0.05293556]],long,lose,0.02197724542435167,16.608
2940.23,[[2959.8853]],[[0.06859563]],long,profit,0.003928264115392395,2951.78,lose,294.41983299765997,[[95.1825]],"[[1.67548158 1.68980585 1.3174753  1.24764439]
 [1.67810581 1.4374157  1.32677406 1.2053507 ]
 [1.85972921 1.76079892 1.48678401 1.27130409]
 [1.35013391 1.84122512 1.38390199 1.21087517]
 [2.08245227 1.80581438 1.7953348  2.17313795]
 [1.51892362 1.57610285 1.38781918 1.38782142]
 [1.59594759 1.803547   1.21917944 1.19341158]
 [1.54619785 2.32371838 1.14995837 1.38546572]
 [1.46349005 2.39775308 2.43927217 1.30797615]
 [1.25397736 2.44630891 1.60543171 1.67071023]
 [1.13036313 2.03799037 1.5156945  1.1902246 ]
 [1.45261613 2.39168889 1.30673896 1.19230931]
 [1.27853999 2.67088154 1.5508763  1.28136989]
 [1.15175453 2.01566018 1.17368326 1.46546711]
 [1.59874051 2.07447518 1.37077594 1.09319647]
 [1.32853984 2.24737399 1.28112248 1.70413708]
 [2.3827362  2.748413   3.22764849 5.48952752]]",39609.76,[[39691.656]],[[0.06811658]],long,profit,0.0027147349542132756,39717.29,101.04,[[102.02081]],[[0.0682993]],long,profit,0.005938242280284979,101.64,0.7095,[[0.7103737]],[[0.06018258]],long,profit,0.0001409443269908231,0.7096,90.95,[[89.78071]],[[0.06733333]],short,lose,0.012864211105002767,92.12,403.2,[[405.3872]],[[0.06395028]],long,profit,0.0029761904761904483,404.4,73.13,[[73.105194]],[[0.04848646]],short,lose,0.001914399015451943,73.27,0.891,[[0.8930933]],[[0.06996853]],long,profit,0.00561167227833895,0.896,15.373,[[15.3595085]],[[0.04300023]],short,lose,0.008131139009952515,15.498,1.372,[[1.3728083]],[[0.05341126]],long,lose,0.006559766763848483,1.363,105.6,[[106.29337]],[[0.0523389]],long,lose,0.004734848484848485,105.1,23.11,[[23.305286]],[[0.06461918]],long,lose,0.0008654262224145207,23.09,13.4,[[13.222908]],[[0.03998485]],short,lose,0.013432835820895501,13.58,0.7114,[[0.71049833]],[[0.05130621]],short,profit,0.0014056789429294362,0.7104,2.0204,[[2.0288343]],[[0.06580594]],long,lose,0.009008117204513845,2.0022,2.7112,[[2.7484736]],[[0.06281797]],long,lose,0.0016228976099144142,2.7068,16.608,[[16.636236]],[[0.0517827]],long,lose,0.030009633911368024,16.1096
2951.78,[[2918.5598]],[[0.06010638]],short,profit,0.0013686656864672904,2947.74,profit,303.5998922241289,[[95.589836]],"[[1.68916824 1.68980585 1.3174753  1.24764439]
 [1.67810581 1.4374157  1.33352679 1.2053507 ]
 [1.85972921 1.76079892 1.49170333 1.27130409]
 [1.35013391 1.84122512 1.39658519 1.21087517]
 [2.17797984 1.80581438 1.7953348  2.17313795]
 [1.54612441 1.57610285 1.38781918 1.38782142]
 [1.64098649 1.803547   1.21917944 1.19341158]
 [1.57967999 2.32371838 1.14995837 1.38546572]
 [1.6047986  2.39775308 2.43927217 1.30797615]
 [1.2979979  2.44630891 1.60543171 1.67071023]
 [1.13036313 2.03799037 1.54423874 1.1902246 ]
 [1.45261613 2.39168889 1.30673896 1.19230931]
 [1.35217769 2.67088154 1.5508763  1.28136989]
 [1.16864642 2.01566018 1.17368326 1.46546711]
 [1.59874051 2.07797134 1.37077594 1.09319647]
 [1.32853984 2.24737399 1.28333912 1.70413708]
 [2.3827362  2.748413   3.22764849 5.80132918]]",39717.29,[[39455.625]],[[0.06424604]],short,lose,0.000675272658330911,39744.11,101.64,[[99.76155]],[[0.05975834]],short,lose,0.0004919323101141004,101.69,0.7096,[[0.70699465]],[[0.05572269]],short,lose,0.0012683201803833314,0.7105,92.12,[[91.16613]],[[0.07722045]],short,profit,0.009552757273122119,91.24,404.4,[[399.89465]],[[0.06625491]],short,profit,0.0027200791295745944,403.3,73.27,[[72.67929]],[[0.05617417]],short,profit,0.004503889722942518,72.94,0.896,[[0.88420975]],[[0.05295839]],short,profit,0.0033482142857142886,0.893,15.498,[[15.1881485]],[[0.05038059]],short,profit,0.014130855594270192,15.279,1.363,[[1.3607943]],[[0.0568801]],short,profit,0.004402054292002939,1.357,105.1,[[104.89705]],[[0.05169448]],short,lose,0.002854424357754628,105.4,23.09,[[22.948671]],[[0.04683938]],short,lose,0.0,23.09,13.58,[[13.402111]],[[0.04596443]],short,profit,0.007363770250368162,13.48,0.7104,[[0.7086929]],[[0.05905252]],short,profit,0.0016891891891891594,0.7092,2.0022,[[2.0088522]],[[0.07559146]],long,lose,0.00034961542303473426,2.0015,2.7068,[[2.6837506]],[[0.06086446]],short,lose,0.00022166395744049576,2.7074,16.1096,[[16.342371]],[[0.06029114]],long,profit,0.031180165863832633,16.6119
2947.74,[[2962.5312]],[[0.06798834]],long,lose,0.003277086852978843,2938.08,lose,310.38761668502985,[[95.56985]],"[[1.68916824 1.72257672 1.3174753  1.24764439]
 [1.67810581 1.47857149 1.33352679 1.2053507 ]
 [1.85972921 1.83848601 1.49170333 1.27130409]
 [1.43176656 1.84122512 1.39658519 1.21087517]
 [2.17797984 1.83650268 1.7953348  2.17313795]
 [1.54612441 1.6182551  1.38781918 1.38782142]
 [1.64098649 1.8433057  1.21917944 1.19341158]
 [1.57967999 2.41330405 1.14995837 1.38546572]
 [1.6047986  2.46712934 2.43927217 1.30797615]
 [1.33484389 2.44630891 1.60543171 1.67071023]
 [1.19677679 2.03799037 1.54423874 1.1902246 ]
 [1.5435646  2.39168889 1.30673896 1.19230931]
 [1.35217769 2.75990231 1.5508763  1.28136989]
 [1.16864642 2.05091117 1.17368326 1.46546711]
 [1.61273002 2.07797134 1.37077594 1.09319647]
 [1.3588272  2.24737399 1.28333912 1.70413708]
 [2.60631087 2.748413   3.22764849 5.80132918]]",39744.11,[[39787.902]],[[0.06716845]],long,lose,0.004115578383815858,39580.54,101.69,[[102.22426]],[[0.06716835]],long,lose,0.007768708820926267,100.9,0.7105,[[0.7097667]],[[0.04782096]],short,profit,0.008163265306122488,0.7047,91.24,[[93.09774]],[[0.06734797]],long,lose,0.003068829460762836,90.96,403.3,[[405.3757]],[[0.06378109]],long,lose,0.004215224398710609,401.6,72.94,[[73.39882]],[[0.06951953]],long,lose,0.00397587057855761,72.65,0.893,[[0.89967495]],[[0.07020497]],long,lose,0.008958566629339313,0.885,15.279,[[15.615176]],[[0.04883413]],long,lose,0.006937626808037167,15.173,1.357,[[1.3539355]],[[0.04897423]],short,profit,0.003684598378776635,1.352,105.4,[[104.69858]],[[0.04469066]],short,profit,0.006641366223908945,104.7,23.09,[[23.067245]],[[0.04009763]],short,profit,0.009094846253789556,22.88,13.48,[[13.755746]],[[0.05723249]],long,lose,0.008902077151335385,13.36,0.7092,[[0.70944726]],[[0.06009747]],long,lose,0.0035250987027637586,0.7067,2.0015,[[1.9839494]],[[0.0418736]],short,profit,0.0013989507869098855,1.9987,2.7074,[[2.702777]],[[0.0520178]],short,profit,0.003028736056733392,2.6992,16.6119,[[15.904735]],[[0.08518231]],short,profit,0.02235746663536367,16.2405
